step,t_obs,t_cmd,dt,pos_base,pos_shoulder,pos_elbow,pos_wrist,pos_roll,pos_gripper,cmd_base,cmd_shoulder,cmd_elbow,cmd_wrist,cmd_roll,cmd_gripper,sent_base,sent_shoulder,sent_elbow,sent_wrist,sent_roll,sent_gripper,velraw_base,velraw_shoulder,velraw_elbow,velraw_wrist,velraw_roll,velraw_gripper,chunk_start
0,0.0,0.0,0.0,-0.036816,-0.227029,3.199884,-0.702563,0.115049,-0.019942,-0.036816,-0.227029,3.199884,-0.702563,0.115049,-0.019942,-0.036816,-0.227029,3.199884,-0.702563,0.115049,-0.019942,,,,,,,1
1,0.05,0.05,0.05,-0.036816,-0.227029,3.199884,-0.702563,0.115049,-0.019942,-0.036816,-0.227029,3.199884,-0.702563,0.115049,-0.019942,-0.036816,-0.227029,3.199884,-0.702563,0.115049,-0.019942,,,,,,,0
2,0.1,0.1,0.05,-0.036816,-0.227029,3.199884,-0.702563,0.115049,-0.019942,-0.036816,-0.227029,3.199884,-0.702563,0.115049,-0.019942,-0.036816,-0.227029,3.199884,-0.702563,0.115049,-0.019942,,,,,,,0
3,0.15,0.15,0.05,-0.036816,-0.227029,3.199884,-0.702563,0.115049,-0.019942,-0.036816,-0.227029,3.199884,-0.702563,0.115049,-0.019942,-0.036816,-0.227029,3.199884,-0.702563,0.115049,-0.019942,,,,,,,0
4,0.2,0.2,0.05,-0.036816,-0.227029,3.199884,-0.702563,0.115049,-0.019942,-0.036816,-0.227029,3.199884,-0.702563,0.115049,-0.019942,-0.036816,-0.227029,3.199884,-0.702563,0.115049,-0.019942,,,,,,,0
5,0.25,0.25,0.05,-0.036816,-0.227029,3.199884,-0.702563,0.115049,-0.019942,-0.036816,-0.227029,3.199884,-0.702563,0.115049,-0.019942,-0.036816,-0.227029,3.199884,-0.702563,0.115049,-0.019942,,,,,,,0
6,0.3,0.3,0.05,-0.036816,-0.227029,3.199884,-0.702563,0.115049,-0.018408,-0.036816,-0.227029,3.199884,-0.702563,0.115049,-0.018408,-0.036816,-0.227029,3.199884,-0.702563,0.115049,-0.018408,,,,,,,0
7,0.35,0.35,0.05,-0.036816,-0.227029,3.199884,-0.702563,0.115049,-0.018408,-0.036816,-0.227029,3.199884,-0.702563,0.115049,-0.018408,-0.036816,-0.227029,3.199884,-0.702563,0.115049,-0.018408,,,,,,,0
8,0.4,0.4,0.05,-0.036816,-0.227029,3.199884,-0.702563,0.115049,-0.018408,-0.036816,-0.227029,3.199884,-0.702563,0.115049,-0.018408,-0.036816,-0.227029,3.199884,-0.702563,0.115049,-0.018408,,,,,,,0
9,0.45,0.45,0.05,-0.036816,-0.227029,3.199884,-0.702563,0.115049,-0.018408,-0.036816,-0.227029,3.199884,-0.702563,0.115049,-0.018408,-0.036816,-0.227029,3.199884,-0.702563,0.115049,-0.018408,,,,,,,0
10,0.5,0.5,0.05,-0.036816,-0.227029,3.199884,-0.702563,0.115049,-0.018408,-0.036816,-0.227029,3.199884,-0.702563,0.115049,-0.018408,-0.036816,-0.227029,3.199884,-0.702563,0.115049,-0.018408,,,,,,,0
11,0.55,0.55,0.05,-0.036816,-0.227029,3.199884,-0.702563,0.115049,-0.018408,-0.036816,-0.227029,3.199884,-0.702563,0.115049,-0.018408,-0.036816,-0.227029,3.199884,-0.702563,0.115049,-0.018408,,,,,,,0
12,0.6,0.6,0.05,-0.036816,-0.227029,3.19835,-0.702563,0.116583,-0.018408,-0.036816,-0.227029,3.19835,-0.702563,0.116583,-0.018408,-0.036816,-0.227029,3.19835,-0.702563,0.116583,-0.018408,,,,,,,0
13,0.65,0.65,0.05,-0.036816,-0.227029,3.19835,-0.702563,0.118117,-0.018408,-0.036816,-0.227029,3.19835,-0.702563,0.118117,-0.018408,-0.036816,-0.227029,3.19835,-0.702563,0.118117,-0.018408,,,,,,,0
14,0.7,0.7,0.05,-0.036816,-0.227029,3.199884,-0.702563,0.115049,-0.018408,-0.036816,-0.227029,3.199884,-0.702563,0.115049,-0.018408,-0.036816,-0.227029,3.199884,-0.702563,0.115049,-0.018408,,,,,,,0
15,0.75,0.75,0.05,-0.036816,-0.227029,3.199884,-0.702563,0.115049,-0.018408,-0.036816,-0.227029,3.199884,-0.702563,0.115049,-0.018408,-0.036816,-0.227029,3.199884,-0.702563,0.115049,-0.018408,,,,,,,0
16,0.8,0.8,0.05,-0.036816,-0.227029,3.199884,-0.702563,0.116583,-0.021476,-0.036816,-0.227029,3.199884,-0.702563,0.116583,-0.021476,-0.036816,-0.227029,3.199884,-0.702563,0.116583,-0.021476,,,,,,,0
17,0.85,0.85,0.05,-0.036816,-0.227029,3.19835,-0.702563,0.116583,-0.024544,-0.036816,-0.227029,3.19835,-0.702563,0.116583,-0.024544,-0.036816,-0.227029,3.19835,-0.702563,0.116583,-0.024544,,,,,,,0
18,0.9,0.9,0.05,-0.036816,-0.227029,3.19835,-0.702563,0.116583,-0.024544,-0.036816,-0.227029,3.19835,-0.702563,0.116583,-0.024544,-0.036816,-0.227029,3.19835,-0.702563,0.116583,-0.024544,,,,,,,0
19,0.95,0.95,0.05,-0.036816,-0.227029,3.196816,-0.702563,0.116583,-0.018408,-0.036816,-0.227029,3.196816,-0.702563,0.116583,-0.018408,-0.036816,-0.227029,3.196816,-0.702563,0.116583,-0.018408,,,,,,,0
20,1.0,1.0,0.05,-0.036816,-0.223961,3.192214,-0.702563,0.116583,-0.018408,-0.036816,-0.223961,3.192214,-0.702563,0.116583,-0.018408,-0.036816,-0.223961,3.192214,-0.702563,0.116583,-0.018408,,,,,,,0
21,1.05,1.05,0.05,-0.036816,-0.223961,3.19068,-0.702563,0.11965,-0.027612,-0.036816,-0.223961,3.19068,-0.702563,0.11965,-0.027612,-0.036816,-0.223961,3.19068,-0.702563,0.11965,-0.027612,,,,,,,0
22,1.1,1.1,0.05,-0.036816,-0.223961,3.19068,-0.702563,0.11965,-0.029146,-0.036816,-0.223961,3.19068,-0.702563,0.11965,-0.029146,-0.036816,-0.223961,3.19068,-0.702563,0.11965,-0.029146,,,,,,,0
23,1.15,1.15,0.05,-0.036816,-0.223961,3.192214,-0.702563,0.11965,-0.029146,-0.036816,-0.223961,3.192214,-0.702563,0.11965,-0.029146,-0.036816,-0.223961,3.192214,-0.702563,0.11965,-0.029146,,,,,,,0
24,1.2,1.2,0.05,-0.036816,-0.223961,3.19835,-0.702563,0.118117,-0.029146,-0.036816,-0.223961,3.19835,-0.702563,0.118117,-0.029146,-0.036816,-0.223961,3.19835,-0.702563,0.118117,-0.029146,,,,,,,0
25,1.25,1.25,0.05,-0.036816,-0.225495,3.19835,-0.702563,0.118117,-0.029146,-0.036816,-0.225495,3.19835,-0.702563,0.118117,-0.029146,-0.036816,-0.225495,3.19835,-0.702563,0.118117,-0.029146,,,,,,,0
26,1.3,1.3,0.05,-0.036816,-0.227029,3.192214,-0.702563,0.118117,-0.029146,-0.036816,-0.227029,3.192214,-0.702563,0.118117,-0.029146,-0.036816,-0.227029,3.192214,-0.702563,0.118117,-0.029146,,,,,,,0
27,1.35,1.35,0.05,-0.036816,-0.228563,3.19068,-0.704097,0.118117,-0.029146,-0.036816,-0.228563,3.19068,-0.704097,0.118117,-0.029146,-0.036816,-0.228563,3.19068,-0.704097,0.118117,-0.029146,,,,,,,0
28,1.4,1.4,0.05,-0.036816,-0.228563,3.184544,-0.710233,0.118117,-0.029146,-0.036816,-0.228563,3.184544,-0.710233,0.118117,-0.029146,-0.036816,-0.228563,3.184544,-0.710233,0.118117,-0.029146,,,,,,,0
29,1.45,1.45,0.05,-0.036816,-0.228563,3.16767,-0.710233,0.116583,-0.029146,-0.036816,-0.228563,3.16767,-0.710233,0.116583,-0.029146,-0.036816,-0.228563,3.16767,-0.710233,0.116583,-0.029146,,,,,,,0
30,1.5,1.5,0.05,-0.036816,-0.228563,3.123185,-0.707165,0.116583,-0.027612,-0.036816,-0.228563,3.123185,-0.707165,0.116583,-0.027612,-0.036816,-0.228563,3.123185,-0.707165,0.116583,-0.027612,,,,,,,1
31,1.55,1.55,0.05,-0.036816,-0.228563,3.084835,-0.704097,0.116583,-0.027612,-0.036816,-0.228563,3.084835,-0.704097,0.116583,-0.027612,-0.036816,-0.228563,3.084835,-0.704097,0.116583,-0.027612,,,,,,,0
32,1.6,1.6,0.05,-0.036816,-0.228563,2.98666,-0.701029,0.115049,-0.027612,-0.036816,-0.228563,2.98666,-0.701029,0.115049,-0.027612,-0.036816,-0.228563,2.98666,-0.701029,0.115049,-0.027612,,,,,,,0
33,1.65,1.65,0.05,-0.036816,-0.228563,2.885418,-0.690291,0.113515,-0.027612,-0.036816,-0.228563,2.885418,-0.690291,0.113515,-0.027612,-0.036816,-0.228563,2.885418,-0.690291,0.113515,-0.027612,,,,,,,0
34,1.7,1.7,0.05,-0.036816,-0.228563,2.779573,-0.642738,0.113515,-0.027612,-0.036816,-0.228563,2.779573,-0.642738,0.113515,-0.027612,-0.036816,-0.228563,2.779573,-0.642738,0.113515,-0.027612,,,,,,,0
35,1.75,1.75,0.05,-0.036816,-0.228563,2.721282,-0.595185,0.113515,-0.027612,-0.036816,-0.228563,2.721282,-0.595185,0.113515,-0.027612,-0.036816,-0.228563,2.721282,-0.595185,0.113515,-0.027612,,,,,,,0
36,1.8,1.8,0.05,-0.036816,-0.228563,2.609301,-0.477068,0.113515,-0.027612,-0.036816,-0.228563,2.609301,-0.477068,0.113515,-0.027612,-0.036816,-0.228563,2.609301,-0.477068,0.113515,-0.027612,,,,,,,0
37,1.85,1.85,0.05,-0.036816,-0.228563,2.541806,-0.400369,0.113515,-0.027612,-0.036816,-0.228563,2.541806,-0.400369,0.113515,-0.027612,-0.036816,-0.228563,2.541806,-0.400369,0.113515,-0.027612,,,,,,,0
38,1.9,1.9,0.05,-0.036816,-0.230097,2.42369,-0.248505,0.113515,-0.027612,-0.036816,-0.230097,2.42369,-0.248505,0.113515,-0.027612,-0.036816,-0.230097,2.42369,-0.248505,0.113515,-0.027612,,,,,,,0
39,1.95,1.95,0.05,-0.036816,-0.230097,2.296369,-0.096641,0.113515,-0.027612,-0.036816,-0.230097,2.296369,-0.096641,0.113515,-0.027612,-0.036816,-0.230097,2.296369,-0.096641,0.113515,-0.027612,,,,,,,0
40,2.0,2.0,0.05,-0.03835,-0.230097,2.224272,-0.010738,0.113515,-0.027612,-0.03835,-0.230097,2.224272,-0.010738,0.113515,-0.027612,-0.03835,-0.230097,2.224272,-0.010738,0.113515,-0.027612,,,,,,,0
41,2.05,2.05,0.05,-0.064427,-0.227029,2.032525,0.220893,0.113515,-0.027612,-0.064427,-0.227029,2.032525,0.220893,0.113515,-0.027612,-0.064427,-0.227029,2.032525,0.220893,0.113515,-0.027612,,,,,,,0
42,2.1,2.1,0.05,-0.116583,-0.223961,1.937418,0.368155,0.111981,-0.02301,-0.116583,-0.223961,1.937418,0.368155,0.111981,-0.02301,-0.116583,-0.223961,1.937418,0.368155,0.111981,-0.02301,,,,,,,0
43,2.15,2.15,0.05,-0.138058,-0.223961,1.897534,0.446388,0.111981,-0.018408,-0.138058,-0.223961,1.897534,0.446388,0.111981,-0.018408,-0.138058,-0.223961,1.897534,0.446388,0.111981,-0.018408,,,,,,,0
44,2.2,2.2,0.05,-0.185612,-0.223961,1.851515,0.572175,0.113515,-0.013806,-0.185612,-0.223961,1.851515,0.572175,0.113515,-0.013806,-0.185612,-0.223961,1.851515,0.572175,0.113515,-0.013806,,,,,,,0
45,2.25,2.25,0.05,-0.230097,-0.223961,1.837709,0.62433,0.113515,-0.001534,-0.230097,-0.223961,1.628269,0.62433,0.113515,-0.001534,-0.230097,-0.223961,1.628269,0.62433,0.113515,-0.001534,,,,,,,0
46,2.3,2.3,0.05,-0.352816,-0.222427,1.830039,0.707165,0.113515,0.148796,-0.352816,-0.222427,1.6206,0.707165,0.113515,0.148796,-0.352816,-0.222427,1.6206,0.707165,0.113515,0.148796,,,,,,,0
47,2.35,2.35,0.05,-0.385029,-0.222427,1.830039,0.716369,0.113515,0.234699,-0.385029,-0.222427,1.6206,0.716369,0.113515,0.234699,-0.385029,-0.222427,1.6206,0.716369,0.113515,0.234699,,,,,,,0
48,2.4,2.4,0.05,-0.45866,-0.219359,1.830039,0.720971,0.111981,0.432583,-0.45866,-0.219359,1.6206,0.720971,0.111981,0.432583,-0.45866,-0.219359,1.6206,0.720971,0.111981,0.432583,,,,,,,0
49,2.45,2.45,0.05,-0.484738,-0.207087,1.830039,0.720971,0.111981,0.48934,-0.484738,-0.207087,1.6206,0.720971,0.111981,0.48934,-0.484738,-0.207087,1.6206,0.720971,0.111981,0.48934,,,,,,,0
50,2.5,2.5,0.05,-0.520019,-0.191748,1.830039,0.720971,0.111981,0.543029,-0.520019,-0.191748,1.6206,0.720971,0.111981,0.543029,-0.520019,-0.191748,1.6206,0.720971,0.111981,0.543029,,,,,,,0
51,2.55,2.55,0.05,-0.553767,-0.18868,1.830039,0.720971,0.111981,0.547631,-0.553767,-0.18868,1.6206,0.720971,0.111981,0.547631,-0.553767,-0.18868,1.6206,0.720971,0.111981,0.547631,,,,,,,0
52,2.6,2.6,0.05,-0.567573,-0.182544,1.830039,0.720971,0.111981,0.549165,-0.567573,-0.182544,1.6206,0.720971,0.111981,0.549165,-0.567573,-0.182544,1.6206,0.720971,0.111981,0.549165,,,,,,,0
53,2.65,2.65,0.05,-0.573709,-0.171806,1.830039,0.722505,0.110447,0.549165,-0.573709,-0.171806,1.830039,0.722505,0.110447,0.549165,-0.573709,-0.171806,1.830039,0.722505,0.110447,0.549165,,,,,,,0
54,2.7,2.7,0.05,-0.581379,-0.138058,1.830039,0.722505,0.110447,0.549165,-0.581379,-0.138058,1.830039,0.722505,0.110447,0.549165,-0.581379,-0.138058,1.830039,0.722505,0.110447,0.549165,,,,,,,0
55,2.75,2.75,0.05,-0.581379,-0.110447,1.830039,0.722505,0.107379,0.549165,-0.581379,-0.110447,1.830039,0.722505,0.107379,0.549165,-0.581379,-0.110447,1.830039,0.722505,0.107379,0.549165,,,,,,,0
56,2.8,2.8,0.05,-0.581379,-0.093573,1.830039,0.722505,0.095107,0.549165,-0.581379,-0.093573,1.830039,0.722505,0.095107,0.549165,-0.581379,-0.093573,1.830039,0.722505,0.095107,0.549165,,,,,,,0
57,2.85,2.85,0.05,-0.581379,-0.058291,1.830039,0.722505,0.03835,0.549165,-0.581379,-0.058291,1.830039,0.722505,0.03835,0.549165,-0.581379,-0.058291,1.830039,0.722505,0.03835,0.549165,,,,,,,0
58,2.9,2.9,0.05,-0.581379,-0.036816,1.830039,0.722505,-0.009204,0.549165,-0.581379,-0.036816,1.830039,0.722505,-0.009204,0.549165,-0.581379,-0.036816,1.830039,0.722505,-0.009204,0.549165,,,,,,,0
59,2.95,2.95,0.05,-0.578311,0.010738,1.825437,0.716369,-0.147262,0.549165,-0.578311,0.010738,1.825437,0.716369,-0.147262,0.549165,-0.578311,0.010738,1.825437,0.716369,-0.147262,0.549165,,,,,,,0
60,3.0,3.0,0.05,-0.578311,0.081301,1.800893,0.714835,-0.311398,0.541495,-0.578311,0.081301,1.800893,0.714835,-0.311398,0.541495,-0.578311,0.081301,1.800893,0.714835,-0.311398,0.541495,,,,,,,1
61,3.05,3.05,0.05,-0.578311,0.105845,1.787088,0.714835,-0.363553,0.538427,-0.578311,0.105845,1.787088,0.714835,-0.363553,0.538427,-0.578311,0.105845,1.787088,0.714835,-0.363553,0.538427,,,,,,,0
62,3.1,3.1,0.05,-0.578311,0.15033,1.757942,0.713301,-0.441786,0.536893,-0.578311,0.15033,1.757942,0.713301,-0.441786,0.536893,-0.578311,0.15033,1.757942,0.713301,-0.441786,0.536893,,,,,,,0
63,3.15,3.15,0.05,-0.578311,0.176408,1.738,0.713301,-0.478602,0.536893,-0.578311,0.176408,1.738,0.713301,-0.478602,0.536893,-0.578311,0.176408,1.738,0.713301,-0.478602,0.536893,,,,,,,0
64,3.2,3.2,0.05,-0.576777,0.227029,1.695049,0.713301,-0.533825,0.536893,-0.576777,0.227029,1.695049,0.713301,-0.533825,0.536893,-0.576777,0.227029,1.695049,0.713301,-0.533825,0.536893,,,,,,,0
65,3.25,3.25,0.05,-0.575243,0.251573,1.672039,0.713301,-0.559903,0.535359,-0.575243,0.251573,1.672039,0.713301,-0.559903,0.535359,-0.575243,0.251573,1.672039,0.713301,-0.559903,0.535359,,,,,,,0
66,3.3,3.3,0.05,-0.573709,0.29299,1.632156,0.713301,-0.599786,0.533825,-0.573709,0.29299,1.632156,0.713301,-0.599786,0.533825,-0.573709,0.29299,1.632156,0.713301,-0.599786,0.533825,,,,,,,0
67,3.35,3.35,0.05,-0.573709,0.343612,1.592272,0.713301,-0.635068,0.533825,-0.573709,0.343612,1.592272,0.713301,-0.635068,0.533825,-0.573709,0.343612,1.592272,0.713301,-0.635068,0.533825,,,,,,,0
68,3.4,3.4,0.05,-0.564505,0.386563,1.563126,0.713301,-0.659612,0.533825,-0.564505,0.386563,1.563126,0.713301,-0.659612,0.533825,-0.564505,0.386563,1.563126,0.713301,-0.659612,0.533825,,,,,,,0
69,3.45,3.45,0.05,-0.562971,0.429515,1.524777,0.713301,-0.679554,0.533825,-0.562971,0.429515,1.524777,0.713301,-0.679554,0.533825,-0.562971,0.429515,1.524777,0.713301,-0.679554,0.533825,,,,,,,0
70,3.5,3.5,0.05,-0.562971,0.45099,1.510971,0.713301,-0.682621,0.533825,-0.562971,0.45099,1.510971,0.713301,-0.682621,0.533825,-0.562971,0.45099,1.510971,0.713301,-0.682621,0.533825,,,,,,,0
71,3.55,3.55,0.05,-0.562971,0.486272,1.489495,0.713301,-0.684155,0.535359,-0.562971,0.486272,1.489495,0.713301,-0.684155,0.535359,-0.562971,0.486272,1.489495,0.713301,-0.684155,0.535359,,,,,,,0
72,3.6,3.6,0.05,-0.562971,0.50468,1.477224,0.713301,-0.684155,0.535359,-0.562971,0.50468,1.477224,0.713301,-0.684155,0.535359,-0.562971,0.50468,1.477224,0.713301,-0.684155,0.535359,,,,,,,0
73,3.65,3.65,0.05,-0.562971,0.535359,1.461884,0.713301,-0.684155,0.543029,-0.562971,0.535359,1.461884,0.713301,-0.684155,0.543029,-0.562971,0.535359,1.461884,0.713301,-0.684155,0.543029,,,,,,,0
74,3.7,3.7,0.05,-0.562971,0.562971,1.443476,0.713301,-0.684155,0.547631,-0.562971,0.562971,1.443476,0.713301,-0.684155,0.547631,-0.562971,0.562971,1.443476,0.713301,-0.684155,0.547631,,,,,,,0
75,3.75,3.75,0.05,-0.566039,0.599786,1.418932,0.713301,-0.684155,0.547631,-0.566039,0.599786,1.209493,0.713301,-0.684155,0.547631,-0.566039,0.599786,1.209493,0.713301,-0.684155,0.547631,,,,,,,0
76,3.8,3.8,0.05,-0.567573,0.625864,1.397457,0.713301,-0.684155,0.549165,-0.567573,0.625864,1.188017,0.713301,-0.684155,0.549165,-0.567573,0.625864,1.188017,0.713301,-0.684155,0.549165,,,,,,,0
77,3.85,3.85,0.05,-0.567573,0.638136,1.385185,0.713301,-0.684155,0.549165,-0.567573,0.638136,1.175745,0.713301,-0.684155,0.549165,-0.567573,0.638136,1.175745,0.713301,-0.684155,0.549165,,,,,,,0
78,3.9,3.9,0.05,-0.567573,0.665748,1.365243,0.713301,-0.682621,0.549165,-0.567573,0.665748,1.155803,0.713301,-0.682621,0.549165,-0.567573,0.665748,1.155803,0.713301,-0.682621,0.549165,,,,,,,0
79,3.95,3.95,0.05,-0.567573,0.688757,1.349903,0.713301,-0.682621,0.549165,-0.567573,0.688757,1.140464,0.713301,-0.682621,0.549165,-0.567573,0.688757,1.140464,0.713301,-0.682621,0.549165,,,,,,,0
80,4.0,4.0,0.05,-0.567573,0.696427,1.346835,0.713301,-0.681087,0.549165,-0.567573,0.696427,1.137396,0.713301,-0.681087,0.549165,-0.567573,0.696427,1.137396,0.713301,-0.681087,0.549165,,,,,,,0
81,4.05,4.05,0.05,-0.567573,0.705631,1.342233,0.713301,-0.681087,0.549165,-0.567573,0.705631,1.132794,0.713301,-0.681087,0.549165,-0.567573,0.705631,1.132794,0.713301,-0.681087,0.549165,,,,,,,0
82,4.1,4.1,0.05,-0.569107,0.722505,1.339165,0.713301,-0.681087,0.549165,-0.569107,0.722505,1.129726,0.713301,-0.681087,0.549165,-0.569107,0.722505,1.129726,0.713301,-0.681087,0.549165,,,,,,,0
83,4.15,4.15,0.05,-0.569107,0.737845,1.339165,0.713301,-0.681087,0.550699,-0.569107,0.737845,1.339165,0.713301,-0.681087,0.550699,-0.569107,0.737845,1.339165,0.713301,-0.681087,0.550699,,,,,,,0
84,4.2,4.2,0.05,-0.569107,0.747049,1.339165,0.713301,-0.681087,0.550699,-0.569107,0.747049,1.339165,0.713301,-0.681087,0.550699,-0.569107,0.747049,1.339165,0.713301,-0.681087,0.550699,,,,,,,0
85,4.25,4.25,0.05,-0.569107,0.760854,1.339165,0.713301,-0.681087,0.550699,-0.569107,0.760854,1.339165,0.713301,-0.681087,0.550699,-0.569107,0.760854,1.339165,0.713301,-0.681087,0.550699,,,,,,,0
86,4.3,4.3,0.05,-0.569107,0.76699,1.339165,0.713301,-0.681087,0.550699,-0.569107,0.76699,1.339165,0.713301,-0.681087,0.550699,-0.569107,0.76699,1.339165,0.713301,-0.681087,0.550699,,,,,,,0
87,4.35,4.35,0.05,-0.569107,0.771592,1.334563,0.713301,-0.681087,0.550699,-0.569107,0.771592,1.334563,0.713301,-0.681087,0.550699,-0.569107,0.771592,1.334563,0.713301,-0.681087,0.550699,,,,,,,0
88,4.4,4.4,0.05,-0.569107,0.777728,1.329961,0.713301,-0.681087,0.550699,-0.569107,0.777728,1.329961,0.713301,-0.681087,0.550699,-0.569107,0.777728,1.329961,0.713301,-0.681087,0.550699,,,,,,,0
89,4.45,4.45,0.05,-0.572175,0.793068,1.323825,0.713301,-0.681087,0.550699,-0.572175,0.793068,1.323825,0.713301,-0.681087,0.550699,-0.572175,0.793068,1.323825,0.713301,-0.681087,0.550699,,,,,,,0
90,4.5,4.5,0.05,-0.581379,0.79767,1.31002,0.713301,-0.681087,0.550699,-0.581379,0.79767,1.31002,0.713301,-0.681087,0.550699,-0.581379,0.79767,1.31002,0.713301,-0.681087,0.550699,,,,,,,1
91,4.55,4.55,0.05,-0.581379,0.79767,1.297748,0.713301,-0.681087,0.550699,-0.581379,0.79767,1.297748,0.713301,-0.681087,0.550699,-0.581379,0.79767,1.297748,0.713301,-0.681087,0.550699,,,,,,,0
92,4.6,4.6,0.05,-0.581379,0.806874,1.29468,0.713301,-0.681087,0.550699,-0.581379,0.806874,1.29468,0.713301,-0.681087,0.550699,-0.581379,0.806874,1.29468,0.713301,-0.681087,0.550699,,,,,,,0
93,4.65,4.65,0.05,-0.584447,0.817612,1.291612,0.713301,-0.681087,0.550699,-0.584447,0.817612,1.291612,0.713301,-0.681087,0.550699,-0.584447,0.817612,1.291612,0.713301,-0.681087,0.550699,,,,,,,0
94,4.7,4.7,0.05,-0.595185,0.82068,1.27934,0.713301,-0.681087,0.550699,-0.595185,0.82068,1.27934,0.713301,-0.681087,0.550699,-0.595185,0.82068,1.27934,0.713301,-0.681087,0.550699,,,,,,,0
95,4.75,4.75,0.05,-0.596719,0.822214,1.276272,0.713301,-0.681087,0.550699,-0.596719,0.822214,1.276272,0.713301,-0.681087,0.550699,-0.596719,0.822214,1.276272,0.713301,-0.681087,0.550699,,,,,,,0
96,4.8,4.8,0.05,-0.596719,0.822214,1.276272,0.713301,-0.681087,0.550699,-0.596719,0.822214,1.276272,0.713301,-0.681087,0.550699,-0.596719,0.822214,1.276272,0.713301,-0.681087,0.550699,,,,,,,0
97,4.85,4.85,0.05,-0.596719,0.831418,1.276272,0.713301,-0.681087,0.550699,-0.596719,0.831418,1.276272,0.713301,-0.681087,0.550699,-0.596719,0.831418,1.276272,0.713301,-0.681087,0.550699,,,,,,,0
98,4.9,4.9,0.05,-0.60132,0.842155,1.276272,0.713301,-0.681087,0.550699,-0.60132,0.842155,1.276272,0.713301,-0.681087,0.550699,-0.60132,0.842155,1.276272,0.713301,-0.681087,0.550699,,,,,,,0
99,4.95,4.95,0.05,-0.602854,0.842155,1.276272,0.713301,-0.681087,0.550699,-0.602854,0.842155,1.276272,0.713301,-0.681087,0.550699,-0.602854,0.842155,1.276272,0.713301,-0.681087,0.550699,,,,,,,0
100,5.0,5.0,0.05,-0.604388,0.843689,1.276272,0.713301,-0.681087,0.550699,-0.604388,0.843689,1.276272,0.713301,-0.681087,0.550699,-0.604388,0.843689,1.276272,0.713301,-0.681087,0.550699,,,,,,,0
101,5.05,5.05,0.05,-0.605922,0.843689,1.276272,0.713301,-0.679554,0.547631,-0.605922,0.843689,1.276272,0.713301,-0.679554,0.547631,-0.605922,0.843689,1.276272,0.713301,-0.679554,0.547631,,,,,,,0
102,5.1,5.1,0.05,-0.605922,0.843689,1.276272,0.713301,-0.67802,0.541495,-0.605922,0.843689,1.276272,0.713301,-0.67802,0.541495,-0.605922,0.843689,1.276272,0.713301,-0.67802,0.541495,,,,,,,0
103,5.15,5.15,0.05,-0.607456,0.843689,1.276272,0.713301,-0.676486,0.535359,-0.607456,0.843689,1.276272,0.713301,-0.676486,0.535359,-0.607456,0.843689,1.276272,0.713301,-0.676486,0.535359,,,,,,,0
104,5.2,5.2,0.05,-0.613592,0.854427,1.276272,0.713301,-0.676486,0.530757,-0.613592,0.854427,1.276272,0.713301,-0.676486,0.530757,-0.613592,0.854427,1.276272,0.713301,-0.676486,0.530757,,,,,,,0
105,5.25,5.25,0.05,-0.61666,0.860563,1.276272,0.713301,-0.674952,0.470932,-0.61666,0.860563,1.066833,0.713301,-0.674952,0.470932,-0.61666,0.860563,1.066833,0.713301,-0.674952,0.470932,,,,,,,0
106,5.3,5.3,0.05,-0.61666,0.860563,1.276272,0.713301,-0.674952,0.368155,-0.61666,0.860563,1.066833,0.713301,-0.674952,0.368155,-0.61666,0.860563,1.066833,0.713301,-0.674952,0.368155,,,,,,,0
107,5.35,5.35,0.05,-0.61666,0.855961,1.276272,0.713301,-0.673418,0.176408,-0.61666,0.855961,1.066833,0.713301,-0.673418,0.176408,-0.61666,0.855961,1.066833,0.713301,-0.673418,0.176408,,,,,,,0
108,5.4,5.4,0.05,-0.61666,0.848291,1.267068,0.713301,-0.673418,-0.056757,-0.61666,0.848291,1.057629,0.713301,-0.673418,-0.056757,-0.61666,0.848291,1.057629,0.713301,-0.673418,-0.056757,,,,,,,0
109,5.45,5.45,0.05,-0.61666,0.845223,1.237923,0.720971,-0.673418,-0.010738,-0.61666,0.845223,1.028483,0.720971,-0.673418,-0.010738,-0.61666,0.845223,1.028483,0.720971,-0.673418,-0.010738,,,,,,,0
110,5.5,5.5,0.05,-0.61666,0.845223,1.222583,0.720971,-0.673418,-0.041417,-0.61666,0.845223,1.013143,0.720971,-0.673418,-0.041417,-0.61666,0.845223,1.013143,0.720971,-0.673418,-0.041417,,,,,,,0
111,5.55,5.55,0.05,-0.61666,0.843689,1.216447,0.720971,-0.671884,-0.039884,-0.61666,0.843689,1.007007,0.720971,-0.671884,-0.039884,-0.61666,0.843689,1.007007,0.720971,-0.671884,-0.039884,,,,,,,0
112,5.6,5.6,0.05,-0.61666,0.822214,1.208777,0.720971,-0.67035,-0.039884,-0.61666,0.822214,0.999337,0.720971,-0.67035,-0.039884,-0.61666,0.822214,0.999337,0.720971,-0.67035,-0.039884,,,,,,,0
113,5.65,5.65,0.05,-0.61666,0.794602,1.211845,0.720971,-0.656544,-0.041417,-0.61666,0.794602,1.211845,0.720971,-0.656544,-0.041417,-0.61666,0.794602,1.211845,0.720971,-0.656544,-0.041417,,,,,,,0
114,5.7,5.7,0.05,-0.61666,0.736311,1.213379,0.724039,-0.552233,-0.042951,-0.61666,0.736311,1.213379,0.724039,-0.552233,-0.042951,-0.61666,0.736311,1.213379,0.724039,-0.552233,-0.042951,,,,,,,0
115,5.75,5.75,0.05,-0.612058,0.67802,1.213379,0.750117,-0.434117,-0.042951,-0.612058,0.67802,1.213379,0.750117,-0.434117,-0.042951,-0.612058,0.67802,1.213379,0.750117,-0.434117,-0.042951,,,,,,,0
116,5.8,5.8,0.05,-0.602854,0.60132,1.208777,0.796136,-0.260777,-0.042951,-0.602854,0.60132,1.208777,0.796136,-0.260777,-0.042951,-0.602854,0.60132,1.208777,0.796136,-0.260777,-0.042951,,,,,,,0
117,5.85,5.85,0.05,-0.561437,0.532291,1.207243,0.839087,-0.075165,-0.042951,-0.561437,0.532291,1.207243,0.839087,-0.075165,-0.042951,-0.561437,0.532291,1.207243,0.839087,-0.075165,-0.042951,,,,,,,0
118,5.9,5.9,0.05,-0.535359,0.45866,1.207243,0.871301,0.125786,-0.041417,-0.535359,0.45866,1.207243,0.871301,0.125786,-0.041417,-0.535359,0.45866,1.207243,0.871301,0.125786,-0.041417,,,,,,,0
119,5.95,5.95,0.05,-0.48934,0.381961,1.208777,0.894311,0.352816,-0.039884,-0.48934,0.381961,1.208777,0.894311,0.352816,-0.039884,-0.48934,0.381961,1.208777,0.894311,0.352816,-0.039884,,,,,,,0
120,6.0,6.0,0.05,-0.467864,0.35435,1.207243,0.898913,0.44332,-0.039884,-0.467864,0.35435,1.207243,0.898913,0.44332,-0.039884,-0.467864,0.35435,1.207243,0.898913,0.44332,-0.039884,,,,,,,1
121,6.05,6.05,0.05,-0.424913,0.296058,1.207243,0.898913,0.653476,-0.03835,-0.424913,0.296058,1.207243,0.898913,0.653476,-0.03835,-0.424913,0.296058,1.207243,0.898913,0.653476,-0.03835,,,,,,,0
122,6.1,6.1,0.05,-0.392699,0.265379,1.207243,0.895845,0.77466,-0.03835,-0.392699,0.265379,1.207243,0.895845,0.77466,-0.03835,-0.392699,0.265379,1.207243,0.895845,0.77466,-0.03835,,,,,,,0
123,6.15,6.15,0.05,-0.335942,0.223961,1.205709,0.892777,0.935728,-0.03835,-0.335942,0.223961,1.205709,0.892777,0.935728,-0.03835,-0.335942,0.223961,1.205709,0.892777,0.935728,-0.03835,,,,,,,0
124,6.2,6.2,0.05,-0.29299,0.202485,1.210311,0.898913,1.047709,-0.03835,-0.29299,0.202485,1.210311,0.898913,1.047709,-0.03835,-0.29299,0.202485,1.210311,0.898913,1.047709,-0.03835,,,,,,,0
125,6.25,6.25,0.05,-0.269981,0.194816,1.211845,0.900447,1.095262,-0.036816,-0.269981,0.194816,1.211845,0.900447,1.095262,-0.036816,-0.269981,0.194816,1.211845,0.900447,1.095262,-0.036816,,,,,,,0
126,6.3,6.3,0.05,-0.239301,0.184078,1.211845,0.901981,1.13668,-0.036816,-0.239301,0.184078,1.211845,0.901981,1.13668,-0.036816,-0.239301,0.184078,1.211845,0.901981,1.13668,-0.036816,,,,,,,0
127,6.35,6.35,0.05,-0.184078,0.167204,1.211845,0.901981,1.207243,-0.036816,-0.184078,0.167204,1.211845,0.901981,1.207243,-0.036816,-0.184078,0.167204,1.211845,0.901981,1.207243,-0.036816,,,,,,,0
128,6.4,6.4,0.05,-0.167204,0.16567,1.211845,0.901981,1.230253,-0.036816,-0.167204,0.16567,1.211845,0.901981,1.230253,-0.036816,-0.167204,0.16567,1.211845,0.901981,1.230253,-0.036816,,,,,,,0
129,6.45,6.45,0.05,-0.121184,0.164136,1.224117,0.921922,1.270136,-0.036816,-0.121184,0.164136,1.224117,0.921922,1.270136,-0.036816,-0.121184,0.164136,1.224117,0.921922,1.270136,-0.036816,,,,,,,0
130,6.5,6.5,0.05,-0.107379,0.164136,1.234855,0.937262,1.285476,-0.036816,-0.107379,0.164136,1.234855,0.937262,1.285476,-0.036816,-0.107379,0.164136,1.234855,0.937262,1.285476,-0.036816,,,,,,,0
131,6.55,6.55,0.05,-0.084369,0.164136,1.253262,0.967942,1.31002,-0.036816,-0.084369,0.164136,1.253262,0.967942,1.31002,-0.036816,-0.084369,0.164136,1.253262,0.967942,1.31002,-0.036816,,,,,,,0
132,6.6,6.6,0.05,-0.069029,0.167204,1.270136,0.97868,1.322291,-0.036816,-0.069029,0.167204,1.270136,0.97868,1.322291,-0.036816,-0.069029,0.167204,1.270136,0.97868,1.322291,-0.036816,,,,,,,0
133,6.65,6.65,0.05,-0.042951,0.170272,1.303884,0.97868,1.342233,-0.036816,-0.042951,0.170272,1.303884,0.97868,1.342233,-0.036816,-0.042951,0.170272,1.303884,0.97868,1.342233,-0.036816,,,,,,,0
134,6.7,6.7,0.05,-0.033748,0.171806,1.328427,0.977146,1.352971,-0.036816,-0.033748,0.171806,1.328427,0.977146,1.352971,-0.036816,-0.033748,0.171806,1.328427,0.977146,1.352971,-0.036816,,,,,,,0
135,6.75,6.75,0.05,-0.013806,0.171806,1.382117,0.977146,1.382117,-0.03835,-0.013806,0.171806,1.172677,0.977146,1.382117,-0.03835,-0.013806,0.171806,1.172677,0.977146,1.382117,-0.03835,,,,,,,0
136,6.8,6.8,0.05,-0.003068,0.176408,1.40666,0.977146,1.395923,-0.03835,-0.003068,0.176408,1.197221,0.977146,1.395923,-0.03835,-0.003068,0.176408,1.197221,0.977146,1.395923,-0.03835,,,,,,,0
137,6.85,6.85,0.05,0.006136,0.187146,1.448078,0.977146,1.426602,-0.03835,0.006136,0.187146,1.238638,0.977146,1.426602,-0.03835,0.006136,0.187146,1.238638,0.977146,1.426602,-0.03835,,,,,,,0
138,6.9,6.9,0.05,0.006136,0.187146,1.46802,0.975612,1.440408,-0.03835,0.006136,0.187146,1.25858,0.975612,1.440408,-0.03835,0.006136,0.187146,1.25858,0.975612,1.440408,-0.03835,,,,,,,0
139,6.95,6.95,0.05,0.006136,0.190214,1.483359,0.960272,1.446544,-0.03835,0.006136,0.190214,1.27392,0.960272,1.446544,-0.03835,0.006136,0.190214,1.27392,0.960272,1.446544,-0.03835,,,,,,,0
140,7.0,7.0,0.05,0.006136,0.204019,1.491029,0.944932,1.446544,-0.03835,0.006136,0.204019,1.28159,0.944932,1.446544,-0.03835,0.006136,0.204019,1.28159,0.944932,1.446544,-0.03835,,,,,,,0
141,7.05,7.05,0.05,0.006136,0.216291,1.497165,0.929592,1.446544,-0.03835,0.006136,0.216291,1.287726,0.929592,1.446544,-0.03835,0.006136,0.216291,1.287726,0.929592,1.446544,-0.03835,,,,,,,0
142,7.1,7.1,0.05,0.006136,0.223961,1.506369,0.903515,1.446544,-0.03835,0.006136,0.223961,1.29693,0.903515,1.446544,-0.03835,0.006136,0.223961,1.29693,0.903515,1.446544,-0.03835,,,,,,,0
143,7.15,7.15,0.05,0.006136,0.225495,1.514039,0.877437,1.446544,-0.03835,0.006136,0.225495,1.514039,0.877437,1.446544,-0.03835,0.006136,0.225495,1.514039,0.877437,1.446544,-0.03835,,,,,,,0
144,7.2,7.2,0.05,0.006136,0.225495,1.517107,0.866699,1.446544,-0.03835,0.006136,0.225495,1.517107,0.866699,1.446544,-0.03835,0.006136,0.225495,1.517107,0.866699,1.446544,-0.03835,,,,,,,0
145,7.25,7.25,0.05,0.006136,0.245437,1.527845,0.846757,1.44501,-0.03835,0.006136,0.245437,1.527845,0.846757,1.44501,-0.03835,0.006136,0.245437,1.527845,0.846757,1.44501,-0.03835,,,,,,,0
146,7.3,7.3,0.05,0.006136,0.260777,1.537049,0.83602,1.443476,-0.03835,0.006136,0.260777,1.537049,0.83602,1.443476,-0.03835,0.006136,0.260777,1.537049,0.83602,1.443476,-0.03835,,,,,,,0
147,7.35,7.35,0.05,0.006136,0.260777,1.543185,0.83602,1.443476,-0.03835,0.006136,0.260777,1.543185,0.83602,1.443476,-0.03835,0.006136,0.260777,1.543185,0.83602,1.443476,-0.03835,,,,,,,0
148,7.4,7.4,0.05,0.006136,0.260777,1.546253,0.83602,1.443476,-0.03835,0.006136,0.260777,1.546253,0.83602,1.443476,-0.03835,0.006136,0.260777,1.546253,0.83602,1.443476,-0.03835,,,,,,,0
149,7.45,7.45,0.05,0.006136,0.271515,1.547787,0.83602,1.443476,-0.03835,0.006136,0.271515,1.547787,0.83602,1.443476,-0.03835,0.006136,0.271515,1.547787,0.83602,1.443476,-0.03835,,,,,,,0
150,7.5,7.5,0.05,0.006136,0.28532,1.547787,0.83602,1.443476,-0.03835,0.006136,0.28532,1.547787,0.83602,1.443476,-0.03835,0.006136,0.28532,1.547787,0.83602,1.443476,-0.03835,,,,,,,1
151,7.55,7.55,0.05,0.006136,0.294524,1.547787,0.834486,1.443476,-0.03835,0.006136,0.294524,1.547787,0.834486,1.443476,-0.03835,0.006136,0.294524,1.547787,0.834486,1.443476,-0.03835,,,,,,,0
152,7.6,7.6,0.05,0.006136,0.296058,1.547787,0.834486,1.443476,-0.03835,0.006136,0.296058,1.547787,0.834486,1.443476,-0.03835,0.006136,0.296058,1.547787,0.834486,1.443476,-0.03835,,,,,,,0
153,7.65,7.65,0.05,0.006136,0.296058,1.547787,0.834486,1.443476,-0.03835,0.006136,0.296058,1.547787,0.834486,1.443476,-0.03835,0.006136,0.296058,1.547787,0.834486,1.443476,-0.03835,,,,,,,0
154,7.7,7.7,0.05,0.006136,0.305262,1.549321,0.834486,1.443476,-0.03835,0.006136,0.305262,1.549321,0.834486,1.443476,-0.03835,0.006136,0.305262,1.549321,0.834486,1.443476,-0.03835,,,,,,,0
155,7.75,7.75,0.05,0.006136,0.314466,1.555457,0.834486,1.443476,-0.03835,0.006136,0.314466,1.555457,0.834486,1.443476,-0.03835,0.006136,0.314466,1.555457,0.834486,1.443476,-0.03835,,,,,,,0
156,7.8,7.8,0.05,0.006136,0.317534,1.567728,0.834486,1.443476,-0.03835,0.006136,0.317534,1.567728,0.834486,1.443476,-0.03835,0.006136,0.317534,1.567728,0.834486,1.443476,-0.03835,,,,,,,0
157,7.85,7.85,0.05,0.006136,0.317534,1.575398,0.834486,1.443476,-0.03835,0.006136,0.317534,1.575398,0.834486,1.443476,-0.03835,0.006136,0.317534,1.575398,0.834486,1.443476,-0.03835,,,,,,,0
158,7.9,7.9,0.05,0.006136,0.317534,1.593806,0.834486,1.443476,-0.03835,0.006136,0.317534,1.593806,0.834486,1.443476,-0.03835,0.006136,0.317534,1.593806,0.834486,1.443476,-0.03835,,,,,,,0
159,7.95,7.95,0.05,0.006136,0.317534,1.601476,0.834486,1.441942,-0.03835,0.006136,0.317534,1.601476,0.834486,1.441942,-0.03835,0.006136,0.317534,1.601476,0.834486,1.441942,-0.03835,,,,,,,0
160,8.0,8.0,0.05,0.006136,0.317534,1.609146,0.834486,1.441942,-0.03835,0.006136,0.317534,1.609146,0.834486,1.441942,-0.03835,0.006136,0.317534,1.609146,0.834486,1.441942,-0.03835,,,,,,,0
161,8.05,8.05,0.05,0.006136,0.317534,1.621418,0.834486,1.440408,-0.03835,0.006136,0.317534,1.621418,0.834486,1.440408,-0.03835,0.006136,0.317534,1.621418,0.834486,1.440408,-0.03835,,,,,,,0
162,8.1,8.1,0.05,0.006136,0.317534,1.62602,0.834486,1.440408,-0.03835,0.006136,0.317534,1.62602,0.834486,1.440408,-0.03835,0.006136,0.317534,1.62602,0.834486,1.440408,-0.03835,,,,,,,0
163,8.15,8.15,0.05,0.006136,0.317534,1.62602,0.834486,1.440408,-0.03835,0.006136,0.317534,1.62602,0.834486,1.440408,-0.03835,0.006136,0.317534,1.62602,0.834486,1.440408,-0.03835,,,,,,,0
164,8.2,8.2,0.05,0.006136,0.317534,1.62602,0.834486,1.440408,-0.03835,0.006136,0.317534,1.62602,0.834486,1.440408,-0.03835,0.006136,0.317534,1.62602,0.834486,1.440408,-0.03835,,,,,,,0
165,8.25,8.25,0.05,0.006136,0.317534,1.62602,0.834486,1.440408,-0.03835,0.006136,0.317534,1.41658,0.834486,1.440408,-0.03835,0.006136,0.317534,1.41658,0.834486,1.440408,-0.03835,,,,,,,0
166,8.3,8.3,0.05,0.006136,0.317534,1.62602,0.834486,1.438874,-0.03835,0.006136,0.317534,1.41658,0.834486,1.438874,-0.03835,0.006136,0.317534,1.41658,0.834486,1.438874,-0.03835,,,,,,,0
167,8.35,8.35,0.05,0.006136,0.317534,1.62602,0.83602,1.438874,-0.036816,0.006136,0.317534,1.41658,0.83602,1.438874,-0.036816,0.006136,0.317534,1.41658,0.83602,1.438874,-0.036816,,,,,,,0
168,8.4,8.4,0.05,0.004602,0.317534,1.62602,0.83602,1.438874,-0.036816,0.004602,0.317534,1.41658,0.83602,1.438874,-0.036816,0.004602,0.317534,1.41658,0.83602,1.438874,-0.036816,,,,,,,0
169,8.45,8.45,0.05,0.001534,0.317534,1.621418,0.83602,1.438874,-0.036816,0.001534,0.317534,1.411978,0.83602,1.438874,-0.036816,0.001534,0.317534,1.411978,0.83602,1.438874,-0.036816,,,,,,,0
170,8.5,8.5,0.05,0.001534,0.317534,1.619884,0.83602,1.438874,-0.036816,0.001534,0.317534,1.410444,0.83602,1.438874,-0.036816,0.001534,0.317534,1.410444,0.83602,1.438874,-0.036816,,,,,,,0
171,8.55,8.55,0.05,0.001534,0.317534,1.619884,0.83602,1.438874,-0.036816,0.001534,0.317534,1.410444,0.83602,1.438874,-0.036816,0.001534,0.317534,1.410444,0.83602,1.438874,-0.036816,,,,,,,0
172,8.6,8.6,0.05,0.001534,0.317534,1.619884,0.83602,1.438874,-0.036816,0.001534,0.317534,1.410444,0.83602,1.438874,-0.036816,0.001534,0.317534,1.410444,0.83602,1.438874,-0.036816,,,,,,,0
173,8.65,8.65,0.05,0.001534,0.317534,1.619884,0.83602,1.438874,-0.036816,0.001534,0.317534,1.619884,0.83602,1.438874,-0.036816,0.001534,0.317534,1.619884,0.83602,1.438874,-0.036816,,,,,,,0
174,8.7,8.7,0.05,0.001534,0.317534,1.619884,0.83602,1.438874,-0.036816,0.001534,0.317534,1.619884,0.83602,1.438874,-0.036816,0.001534,0.317534,1.619884,0.83602,1.438874,-0.036816,,,,,,,0
175,8.75,8.75,0.05,0.001534,0.317534,1.61835,0.826816,1.438874,-0.036816,0.001534,0.317534,1.61835,0.826816,1.438874,-0.036816,0.001534,0.317534,1.61835,0.826816,1.438874,-0.036816,,,,,,,0
176,8.8,8.8,0.05,0.0,0.316,1.61835,0.800738,1.438874,-0.036816,0.0,0.316,1.61835,0.800738,1.438874,-0.036816,0.0,0.316,1.61835,0.800738,1.438874,-0.036816,,,,,,,0
177,8.85,8.85,0.05,0.0,0.316,1.61835,0.785398,1.438874,-0.036816,0.0,0.316,1.61835,0.785398,1.438874,-0.036816,0.0,0.316,1.61835,0.785398,1.438874,-0.036816,,,,,,,0
178,8.9,8.9,0.05,0.0,0.314466,1.61835,0.765456,1.438874,-0.036816,0.0,0.314466,1.61835,0.765456,1.438874,-0.036816,0.0,0.314466,1.61835,0.765456,1.438874,-0.036816,,,,,,,0
179,8.95,8.95,0.05,0.0,0.314466,1.61835,0.765456,1.438874,-0.036816,0.0,0.314466,1.61835,0.765456,1.438874,-0.036816,0.0,0.314466,1.61835,0.765456,1.438874,-0.036816,,,,,,,0
180,9.0,9.0,0.05,0.0,0.314466,1.61835,0.763922,1.438874,-0.036816,0.0,0.314466,1.61835,0.763922,1.438874,-0.036816,0.0,0.314466,1.61835,0.763922,1.438874,-0.036816,,,,,,,1
181,9.05,9.05,0.05,0.0,0.314466,1.61835,0.763922,1.438874,-0.036816,0.0,0.314466,1.61835,0.763922,1.438874,-0.036816,0.0,0.314466,1.61835,0.763922,1.438874,-0.036816,,,,,,,0
182,9.1,9.1,0.05,0.0,0.314466,1.61835,0.763922,1.438874,-0.036816,0.0,0.314466,1.61835,0.763922,1.438874,-0.036816,0.0,0.314466,1.61835,0.763922,1.438874,-0.036816,,,,,,,0
183,9.15,9.15,0.05,0.0,0.316,1.61835,0.765456,1.438874,-0.036816,0.0,0.316,1.61835,0.765456,1.438874,-0.036816,0.0,0.316,1.61835,0.765456,1.438874,-0.036816,,,,,,,0
184,9.2,9.2,0.05,0.0,0.317534,1.61835,0.768524,1.438874,-0.036816,0.0,0.317534,1.61835,0.768524,1.438874,-0.036816,0.0,0.317534,1.61835,0.768524,1.438874,-0.036816,,,,,,,0
185,9.25,9.25,0.05,0.0,0.317534,1.61835,0.770058,1.438874,-0.036816,0.0,0.317534,1.61835,0.770058,1.438874,-0.036816,0.0,0.317534,1.61835,0.770058,1.438874,-0.036816,,,,,,,0
186,9.3,9.3,0.05,0.0,0.317534,1.61835,0.777728,1.438874,-0.010738,0.0,0.317534,1.61835,0.777728,1.438874,-0.010738,0.0,0.317534,1.61835,0.777728,1.438874,-0.010738,,,,,,,0
187,9.35,9.35,0.05,0.0,0.317534,1.61835,0.78233,1.438874,0.03835,0.0,0.317534,1.61835,0.78233,1.438874,0.03835,0.0,0.317534,1.61835,0.78233,1.438874,0.03835,,,,,,,0
188,9.4,9.4,0.05,0.0,0.317534,1.61835,0.785398,1.438874,0.151864,0.0,0.317534,1.61835,0.785398,1.438874,0.151864,0.0,0.317534,1.61835,0.785398,1.438874,0.151864,,,,,,,0
189,9.45,9.45,0.05,0.0,0.317534,1.61835,0.78233,1.438874,0.184078,0.0,0.317534,1.61835,0.78233,1.438874,0.184078,0.0,0.317534,1.61835,0.78233,1.438874,0.184078,,,,,,,0
190,9.5,9.5,0.05,0.0,0.317534,1.61835,0.779262,1.438874,0.200951,0.0,0.317534,1.61835,0.779262,1.438874,0.200951,0.0,0.317534,1.61835,0.779262,1.438874,0.200951,,,,,,,0
191,9.55,9.55,0.05,0.0,0.317534,1.61835,0.779262,1.438874,0.202485,0.0,0.317534,1.61835,0.779262,1.438874,0.202485,0.0,0.317534,1.61835,0.779262,1.438874,0.202485,,,,,,,0
192,9.6,9.6,0.05,0.0,0.317534,1.61835,0.779262,1.438874,0.202485,0.0,0.317534,1.61835,0.779262,1.438874,0.202485,0.0,0.317534,1.61835,0.779262,1.438874,0.202485,,,,,,,0
193,9.65,9.65,0.05,0.0,0.317534,1.61835,0.779262,1.438874,0.202485,0.0,0.317534,1.61835,0.779262,1.438874,0.202485,0.0,0.317534,1.61835,0.779262,1.438874,0.202485,,,,,,,0
194,9.7,9.7,0.05,0.0,0.317534,1.61835,0.779262,1.438874,0.202485,0.0,0.317534,1.61835,0.779262,1.438874,0.202485,0.0,0.317534,1.61835,0.779262,1.438874,0.202485,,,,,,,0
195,9.75,9.75,0.05,0.0,0.317534,1.61835,0.779262,1.438874,0.202485,0.0,0.317534,1.40891,0.779262,1.438874,0.202485,0.0,0.317534,1.40891,0.779262,1.438874,0.202485,,,,,,,0
196,9.8,9.8,0.05,0.0,0.317534,1.61835,0.779262,1.438874,0.202485,0.0,0.317534,1.40891,0.779262,1.438874,0.202485,0.0,0.317534,1.40891,0.779262,1.438874,0.202485,,,,,,,0
197,9.85,9.85,0.05,0.0,0.316,1.61835,0.777728,1.438874,0.200951,0.0,0.316,1.40891,0.777728,1.438874,0.200951,0.0,0.316,1.40891,0.777728,1.438874,0.200951,,,,,,,0
198,9.9,9.9,0.05,0.0,0.314466,1.61835,0.777728,1.438874,0.187146,0.0,0.314466,1.40891,0.777728,1.438874,0.187146,0.0,0.314466,1.40891,0.777728,1.438874,0.187146,,,,,,,0
199,9.95,9.95,0.05,-0.001534,0.312932,1.61835,0.777728,1.438874,0.184078,-0.001534,0.312932,1.40891,0.777728,1.438874,0.184078,-0.001534,0.312932,1.40891,0.777728,1.438874,0.184078,,,,,,,0
200,10.0,10.0,0.05,-0.001534,0.309864,1.615282,0.776194,1.43734,0.17334,-0.001534,0.309864,1.405842,0.776194,1.43734,0.17334,-0.001534,0.309864,1.405842,0.776194,1.43734,0.17334,,,,,,,0
201,10.05,10.05,0.05,-0.001534,0.306796,1.604544,0.776194,1.43734,0.107379,-0.001534,0.306796,1.395104,0.776194,1.43734,0.107379,-0.001534,0.306796,1.395104,0.776194,1.43734,0.107379,,,,,,,0
202,10.1,10.1,0.05,-0.001534,0.29299,1.586136,0.783864,1.43734,-0.050621,-0.001534,0.29299,1.376697,0.783864,1.43734,-0.050621,-0.001534,0.29299,1.376697,0.783864,1.43734,-0.050621,,,,,,,0
203,10.15,10.15,0.05,-0.001534,0.286854,1.575398,0.780796,1.43734,-0.026078,-0.001534,0.286854,1.575398,0.780796,1.43734,-0.026078,-0.001534,0.286854,1.575398,0.780796,1.43734,-0.026078,,,,,,,0
204,10.2,10.2,0.05,-0.001534,0.282252,1.56466,0.779262,1.43734,-0.02301,-0.001534,0.282252,1.56466,0.779262,1.43734,-0.02301,-0.001534,0.282252,1.56466,0.779262,1.43734,-0.02301,,,,,,,0
205,10.25,10.25,0.05,-0.001534,0.266913,1.537049,0.783864,1.43734,-0.029146,-0.001534,0.266913,1.537049,0.783864,1.43734,-0.029146,-0.001534,0.266913,1.537049,0.783864,1.43734,-0.029146,,,,,,,0
206,10.3,10.3,0.05,-0.001534,0.231631,1.532447,0.783864,1.43734,-0.029146,-0.001534,0.231631,1.532447,0.783864,1.43734,-0.029146,-0.001534,0.231631,1.532447,0.783864,1.43734,-0.029146,,,,,,,0
207,10.35,10.35,0.05,-0.001534,0.207087,1.532447,0.783864,1.432738,-0.029146,-0.001534,0.207087,1.532447,0.783864,1.432738,-0.029146,-0.001534,0.207087,1.532447,0.783864,1.432738,-0.029146,,,,,,,0
208,10.4,10.4,0.05,-0.001534,0.167204,1.535515,0.785398,1.397457,-0.029146,-0.001534,0.167204,1.535515,0.785398,1.397457,-0.029146,-0.001534,0.167204,1.535515,0.785398,1.397457,-0.029146,,,,,,,0
209,10.45,10.45,0.05,-0.001534,0.14266,1.537049,0.785398,1.357573,-0.029146,-0.001534,0.14266,1.537049,0.785398,1.357573,-0.029146,-0.001534,0.14266,1.537049,0.785398,1.357573,-0.029146,,,,,,,0
210,10.5,10.5,0.05,-0.001534,0.105845,1.556991,0.785398,1.282408,-0.029146,-0.001534,0.105845,1.556991,0.785398,1.282408,-0.029146,-0.001534,0.105845,1.556991,0.785398,1.282408,-0.029146,,,,,,,1
211,10.55,10.55,0.05,-0.001534,0.044485,1.615282,0.785398,1.127476,-0.029146,-0.001534,0.044485,1.615282,0.785398,1.127476,-0.029146,-0.001534,0.044485,1.615282,0.785398,1.127476,-0.029146,,,,,,,0
212,10.6,10.6,0.05,-0.001534,-0.004602,1.698117,0.779262,0.960272,-0.029146,-0.001534,-0.004602,1.698117,0.779262,0.960272,-0.029146,-0.001534,-0.004602,1.698117,0.779262,0.960272,-0.029146,,,,,,,0
213,10.65,10.65,0.05,-0.001534,-0.081301,1.810097,0.770058,0.770058,-0.03068,-0.001534,-0.081301,1.810097,0.770058,0.770058,-0.03068,-0.001534,-0.081301,1.810097,0.770058,0.770058,-0.03068,,,,,,,0
214,10.7,10.7,0.05,-0.001534,-0.111981,1.853049,0.757787,0.697961,-0.03068,-0.001534,-0.111981,1.853049,0.757787,0.697961,-0.03068,-0.001534,-0.111981,1.853049,0.757787,0.697961,-0.03068,,,,,,,0
215,10.75,10.75,0.05,-0.001534,-0.14266,1.91134,0.733243,0.615126,-0.03068,-0.001534,-0.14266,1.91134,0.733243,0.615126,-0.03068,-0.001534,-0.14266,1.91134,0.733243,0.615126,-0.03068,,,,,,,0
216,10.8,10.8,0.05,-0.001534,-0.191748,2.018719,0.658078,0.48934,-0.03068,-0.001534,-0.191748,2.018719,0.658078,0.48934,-0.03068,-0.001534,-0.191748,2.018719,0.658078,0.48934,-0.03068,,,,,,,0
217,10.85,10.85,0.05,-0.001534,-0.222427,2.07701,0.60132,0.437185,-0.03068,-0.001534,-0.222427,2.07701,0.60132,0.437185,-0.03068,-0.001534,-0.222427,2.07701,0.60132,0.437185,-0.03068,,,,,,,0
218,10.9,10.9,0.05,-0.001534,-0.268447,2.187457,0.48934,0.365087,-0.03068,-0.001534,-0.268447,2.187457,0.48934,0.365087,-0.03068,-0.001534,-0.268447,2.187457,0.48934,0.365087,-0.03068,,,,,,,0
219,10.95,10.95,0.05,-0.001534,-0.30833,2.313243,0.369689,0.322136,-0.029146,-0.001534,-0.30833,2.313243,0.369689,0.322136,-0.029146,-0.001534,-0.30833,2.313243,0.369689,0.322136,-0.029146,,,,,,,0
220,11.0,11.0,0.05,-0.001534,-0.328272,2.360796,0.328272,0.311398,-0.029146,-0.001534,-0.328272,2.360796,0.328272,0.311398,-0.029146,-0.001534,-0.328272,2.360796,0.328272,0.311398,-0.029146,,,,,,,0
221,11.05,11.05,0.05,-0.001534,-0.375825,2.474311,0.243903,0.289922,-0.027612,-0.001534,-0.375825,2.474311,0.243903,0.289922,-0.027612,-0.001534,-0.375825,2.474311,0.243903,0.289922,-0.027612,,,,,,,0
222,11.1,11.1,0.05,-0.001534,-0.412641,2.572486,0.18868,0.268447,-0.027612,-0.001534,-0.412641,2.572486,0.18868,0.268447,-0.027612,-0.001534,-0.412641,2.572486,0.18868,0.268447,-0.027612,,,,,,,0
223,11.15,11.15,0.05,-0.001534,-0.432583,2.621573,0.161068,0.253107,-0.027612,-0.001534,-0.432583,2.621573,0.161068,0.253107,-0.027612,-0.001534,-0.432583,2.621573,0.161068,0.253107,-0.027612,,,,,,,0
224,11.2,11.2,0.05,-0.001534,-0.467864,2.702874,0.110447,0.220893,-0.027612,-0.001534,-0.467864,2.702874,0.110447,0.220893,-0.027612,-0.001534,-0.467864,2.702874,0.110447,0.220893,-0.027612,,,,,,,0
225,11.25,11.25,0.05,-0.001534,-0.490874,2.773437,0.050621,0.18868,-0.027612,-0.001534,-0.490874,2.563998,0.050621,0.18868,-0.027612,-0.001534,-0.490874,2.563998,0.050621,0.18868,-0.027612,,,,,,,0
226,11.3,11.3,0.05,-0.001534,-0.498544,2.810253,0.016874,0.174874,-0.027612,-0.001534,-0.498544,2.600813,0.016874,0.174874,-0.027612,-0.001534,-0.498544,2.600813,0.016874,0.174874,-0.027612,,,,,,,0
227,11.35,11.35,0.05,-0.001534,-0.50468,2.842466,-0.016874,0.161068,-0.027612,-0.001534,-0.50468,2.633027,-0.016874,0.161068,-0.027612,-0.001534,-0.50468,2.633027,-0.016874,0.161068,-0.027612,,,,,,,0
228,11.4,11.4,0.05,-0.001534,-0.51235,2.909961,-0.093573,0.131922,-0.027612,-0.001534,-0.51235,2.700522,-0.093573,0.131922,-0.027612,-0.001534,-0.51235,2.700522,-0.093573,0.131922,-0.027612,,,,,,,0
229,11.45,11.45,0.05,-0.001534,-0.509282,2.952913,-0.151864,0.110447,-0.027612,-0.001534,-0.509282,2.743474,-0.151864,0.110447,-0.027612,-0.001534,-0.509282,2.743474,-0.151864,0.110447,-0.027612,,,,,,,0
230,11.5,11.5,0.05,-0.001534,-0.509282,2.952913,-0.151864,0.110447,-0.027612,-0.001534,-0.509282,2.743474,-0.151864,0.110447,-0.027612,-0.001534,-0.509282,2.743474,-0.151864,0.110447,-0.027612,,,,,,,0
231,11.55,11.55,0.05,-0.001534,-0.509282,2.99433,-0.222427,0.085903,-0.027612,-0.001534,-0.509282,2.784891,-0.222427,0.085903,-0.027612,-0.001534,-0.509282,2.784891,-0.222427,0.085903,-0.027612,,,,,,,0
232,11.6,11.6,0.05,-0.001534,-0.509282,3.018874,-0.266913,0.065961,-0.027612,-0.001534,-0.509282,2.809435,-0.266913,0.065961,-0.027612,-0.001534,-0.509282,2.809435,-0.266913,0.065961,-0.027612,,,,,,,0
233,11.65,11.65,0.05,-0.001534,-0.509282,3.023476,-0.277651,0.059825,-0.027612,-0.001534,-0.509282,3.023476,-0.277651,0.059825,-0.027612,-0.001534,-0.509282,3.023476,-0.277651,0.059825,-0.027612,,,,,,,0
234,11.7,11.7,0.05,-0.001534,-0.509282,3.02501,-0.286854,0.055223,-0.027612,-0.001534,-0.509282,3.02501,-0.286854,0.055223,-0.027612,-0.001534,-0.509282,3.02501,-0.286854,0.055223,-0.027612,,,,,,,0
235,11.75,11.75,0.05,-0.001534,-0.51235,3.023476,-0.291456,0.053689,-0.026078,-0.001534,-0.51235,3.023476,-0.291456,0.053689,-0.026078,-0.001534,-0.51235,3.023476,-0.291456,0.053689,-0.026078,,,,,,,0
236,11.8,11.8,0.05,-0.001534,-0.51235,3.021942,-0.291456,0.053689,-0.026078,-0.001534,-0.51235,3.021942,-0.291456,0.053689,-0.026078,-0.001534,-0.51235,3.021942,-0.291456,0.053689,-0.026078,,,,,,,0
237,11.85,11.85,0.05,-0.001534,-0.51235,3.020408,-0.291456,0.052155,-0.026078,-0.001534,-0.51235,3.020408,-0.291456,0.052155,-0.026078,-0.001534,-0.51235,3.020408,-0.291456,0.052155,-0.026078,,,,,,,0
238,11.9,11.9,0.05,-0.001534,-0.51235,3.023476,-0.291456,0.052155,-0.024544,-0.001534,-0.51235,3.023476,-0.291456,0.052155,-0.024544,-0.001534,-0.51235,3.023476,-0.291456,0.052155,-0.024544,,,,,,,0
239,11.95,11.95,0.05,-0.001534,-0.51235,3.026544,-0.291456,0.052155,-0.024544,-0.001534,-0.51235,3.026544,-0.291456,0.052155,-0.024544,-0.001534,-0.51235,3.026544,-0.291456,0.052155,-0.024544,,,,,,,0
