step,t_obs,t_cmd,dt,pos_base,pos_shoulder,pos_elbow,pos_wrist,pos_roll,pos_gripper,cmd_base,cmd_shoulder,cmd_elbow,cmd_wrist,cmd_roll,cmd_gripper,sent_base,sent_shoulder,sent_elbow,sent_wrist,sent_roll,sent_gripper,velraw_base,velraw_shoulder,velraw_elbow,velraw_wrist,velraw_roll,velraw_gripper,chunk_start
0,1787660250.3629,1787660250.3776,0.06275,-0.131922,-0.533825,2.888486,0.288388,0.041417,-0.024544,-0.136376,-0.504825,2.893999,0.299268,0.114019,-0.018036,-0.136400,-0.504800,2.894000,0.299300,0.114000,-0.018000,,,,,,,1
1,1787660250.3997,1787660250.4134,0.03685,-0.131922,-0.533825,2.888486,0.288388,0.041417,-0.024544,-0.148005,-0.506608,2.928509,0.299150,0.112983,-0.020225,-0.148000,-0.506600,2.928500,0.299200,0.113000,-0.020200,,,,,,,1
2,1787660250.4511,1787660250.4656,0.05139,-0.131922,-0.533825,2.888486,0.288388,0.041417,-0.024544,-0.146785,-0.507984,2.720721,0.299626,0.089409,-0.012905,-0.146800,-0.508000,2.720700,0.299600,0.089400,-0.012900,,,,,,,0
3,1787660250.5179,1787660250.5326,0.06679,-0.131922,-0.532291,2.888486,0.289922,0.050621,-0.024544,-0.144898,-0.505315,2.643152,0.305519,0.095746,-0.018757,-0.144900,-0.505300,2.643200,0.305500,0.095700,-0.018800,,,,,,,0
4,1787660250.555,1787660250.5696,0.03709,-0.136524,-0.520019,2.900758,0.288388,0.076699,-0.023010,-0.143562,-0.498214,2.647202,0.306835,0.109109,-0.020941,-0.143600,-0.498200,2.647200,0.306800,0.109100,-0.020900,,,,,,,0
5,1787660250.6063,1787660250.6196,0.05125,-0.138058,-0.504680,2.905360,0.288388,0.096641,-0.018408,-0.142851,-0.501540,2.594011,0.320663,0.096270,-0.020661,-0.142900,-0.501500,2.594000,0.320700,0.096300,-0.020700,,,,,,,0
6,1787660250.6729,1787660250.6874,0.06665,-0.138058,-0.500078,2.894622,0.288388,0.104311,-0.018408,-0.150978,-0.490869,2.564266,0.310408,0.098710,-0.021771,-0.151000,-0.490900,2.564300,0.310400,0.098700,-0.021800,,,,,,,0
7,1787660250.7097,1787660250.7247,0.03682,-0.138058,-0.497010,2.886952,0.296058,0.104311,-0.018408,-0.151463,-0.474605,2.543267,0.311623,0.142648,-0.019385,-0.151500,-0.474600,2.543300,0.311600,0.142600,-0.019400,,,,,,,0
8,1787660250.761,1787660250.7747,0.05128,-0.138058,-0.497010,2.837864,0.319068,0.102777,-0.018408,-0.149712,-0.457957,2.518162,0.327864,0.138227,-0.020843,-0.149700,-0.458000,2.518200,0.327900,0.138200,-0.020800,,,,,,,0
9,1787660250.8278,1787660250.8427,0.06678,-0.142660,-0.481670,2.733554,0.316000,0.104311,-0.018408,-0.152623,-0.444094,2.495727,0.328039,0.131850,-0.026315,-0.152600,-0.444100,2.495700,0.328000,0.131900,-0.026300,,,,,,,0
10,1787660250.8649,1787660250.8794,0.03708,-0.144194,-0.470932,2.679864,0.316000,0.121184,-0.018408,-0.160282,-0.419456,2.457485,0.335901,0.139672,-0.020624,-0.160300,-0.419500,2.457500,0.335900,0.139700,-0.020600,,,,,,,0
11,1787660250.9163,1787660250.9297,0.05146,-0.144194,-0.457126,2.610835,0.322136,0.136524,-0.018408,-0.166347,-0.426254,2.441285,0.339507,0.112169,-0.017643,-0.166300,-0.426300,2.441300,0.339500,0.112200,-0.017600,,,,,,,0
12,1787660250.9828,1787660250.9987,0.06649,-0.147262,-0.440252,2.543340,0.331340,0.136524,-0.018408,-0.198528,-0.408463,2.409358,0.338062,0.125046,-0.018192,-0.198500,-0.408500,2.409400,0.338100,0.125000,-0.018200,,,,,,,1
13,1787660251.0382,1787660251.0526,0.0554,-0.151864,-0.415709,2.492719,0.332874,0.138058,-0.018408,-0.233026,-0.384898,2.384912,0.335937,0.111963,-0.014870,-0.233000,-0.384900,2.384900,0.335900,0.112000,-0.014900,,,,,,,1
14,1787660251.0771,1787660251.0917,0.03883,-0.156466,-0.415709,2.471243,0.332874,0.127320,-0.018408,-0.257410,-0.355212,2.361043,0.339734,0.119193,-0.009325,-0.257400,-0.355200,2.361000,0.339700,0.119200,-0.009300,,,,,,,0
15,1787660251.1329,1787660251.1464,0.05586,-0.176408,-0.408039,2.439029,0.332874,0.119651,-0.018408,-0.294535,-0.336033,2.312061,0.360718,0.132220,-0.010483,-0.294500,-0.336000,2.312100,0.360700,0.132200,-0.010500,,,,,,,1
16,1787660251.1716,1787660251.1857,0.03866,-0.197884,-0.389631,2.419088,0.332874,0.119651,-0.016874,-0.338372,-0.318420,2.295023,0.369495,0.104144,-0.005803,-0.338400,-0.318400,2.295000,0.369500,0.104100,-0.005800,,,,,,,1
17,1787660251.2339,1787660251.2484,0.06236,-0.237767,-0.355884,2.386874,0.337476,0.119651,-0.012272,-0.353130,-0.320617,2.289713,0.356302,0.122104,-0.006522,-0.353100,-0.320600,2.289700,0.356300,0.122100,-0.006500,,,,,,,0
18,1787660251.2893,1787660251.3046,0.0554,-0.274583,-0.329806,2.351593,0.354350,0.128854,-0.012272,-0.388662,-0.297424,2.274718,0.369635,0.063136,0.016143,-0.388700,-0.297400,2.274700,0.369600,0.063100,0.016100,,,,,,,0
19,1787660251.3279,1787660251.3425,0.03858,-0.302194,-0.316000,2.330117,0.363553,0.128854,-0.012272,-0.399896,-0.283140,2.268499,0.380374,0.085088,0.021065,-0.399900,-0.283100,2.268500,0.380400,0.085100,0.021100,,,,,,,0
20,1787660251.3849,1787660251.3996,0.05701,-0.339010,-0.316000,2.310175,0.360485,0.125786,0.003068,-0.443114,-0.233457,2.239440,0.394798,0.021813,0.061118,-0.443100,-0.233500,2.239400,0.394800,0.021800,0.061100,,,,,,,0
21,1787660251.4227,1787660251.4375,0.03777,-0.355884,-0.308330,2.302505,0.360485,0.116583,0.016874,-0.473747,-0.190973,2.216436,0.383838,-0.045954,0.192077,-0.473700,-0.191000,2.216400,0.383800,-0.046000,0.192100,,,,,,,0
22,1787660251.4733,1787660251.4863,0.05061,-0.380427,-0.282252,2.285631,0.371223,0.095107,0.018408,-0.511003,-0.134657,2.192329,0.369411,-0.117014,0.365156,-0.511000,-0.134700,2.192300,0.369400,-0.117000,0.365200,,,,,,,0
23,1787660251.54,1787660251.5545,0.06663,-0.411107,-0.256175,2.274894,0.385029,0.065961,0.168738,-0.535480,-0.116131,2.175828,0.366256,-0.171083,0.430841,-0.535500,-0.116100,2.175800,0.366300,-0.171100,0.430800,,,,,,,0
24,1787660251.5775,1787660251.5925,0.0375,-0.434117,-0.231631,2.253418,0.385029,0.036816,0.227029,-0.551460,-0.083450,2.148059,0.366956,-0.239684,0.509138,-0.551500,-0.083500,2.148100,0.367000,-0.239700,0.509100,,,,,,,0
25,1787660251.6284,1787660251.6416,0.05091,-0.474000,-0.176408,2.219670,0.374291,-0.018408,0.369689,-0.570025,-0.065901,2.119770,0.368233,-0.259512,0.545344,-0.570000,-0.065900,2.119800,0.368200,-0.259500,0.545300,,,,,,,0
26,1787660251.695,1787660251.7095,0.06662,-0.518486,-0.118117,2.190525,0.371223,-0.105845,0.510816,-0.571149,-0.046937,2.074202,0.375325,-0.293249,0.569160,-0.571100,-0.046900,2.074200,0.375300,-0.293200,0.569200,,,,,,,0
27,1787660251.7321,1787660251.7455,0.03711,-0.533825,-0.093573,2.170583,0.371223,-0.150330,0.521553,-0.595773,-0.022786,2.067209,0.392513,-0.321089,0.564657,-0.595800,-0.022800,2.067200,0.392500,-0.321100,0.564700,,,,,,,0
28,1787660251.7833,1787660251.7976,0.05118,-0.555301,-0.065961,2.147573,0.371223,-0.205553,0.544563,-0.602186,-0.004899,2.048704,0.393688,-0.329923,0.556796,-0.602200,-0.004900,2.048700,0.393700,-0.329900,0.556800,,,,,,,0
29,1787660251.8497,1787660251.8636,0.06645,-0.569107,-0.038350,2.116893,0.380427,-0.266913,0.566039,-0.604629,0.036654,2.042908,0.400745,-0.341763,0.568423,-0.604600,0.036700,2.042900,0.400700,-0.341800,0.568400,,,,,,,0
30,1787660251.8876,1787660251.9026,0.03788,-0.579845,-0.019942,2.095418,0.386563,-0.291456,0.564505,-0.612755,0.059810,2.026622,0.404106,-0.376030,0.576725,-0.612800,0.059800,2.026600,0.404100,-0.376000,0.576700,,,,,,,0
31,1787660251.9384,1787660251.9546,0.05081,-0.592117,0.001534,2.072408,0.391165,-0.317534,0.564505,-0.614339,0.097174,2.003259,0.416422,-0.399171,0.582419,-0.614300,0.097200,2.003300,0.416400,-0.399200,0.582400,,,,,,,1
32,1787660252.005,1787660252.0208,0.0666,-0.601320,0.023010,2.052466,0.398835,-0.346680,0.572175,-0.627807,0.136435,1.977734,0.416043,-0.428717,0.595840,-0.627800,0.136400,1.977700,0.416000,-0.428700,0.595800,,,,,,,1
33,1787660252.072,1787660252.0866,0.067,-0.602854,0.070563,2.032525,0.408039,-0.380427,0.579845,-0.636102,0.244765,1.925220,0.415940,-0.447970,0.618200,-0.636100,0.244800,1.925200,0.415900,-0.448000,0.618200,,,,,,,1
34,1787660252.1106,1787660252.1246,0.03855,-0.605922,0.095107,2.024855,0.411107,-0.391165,0.587515,-0.636881,0.299416,1.897216,0.406583,-0.485313,0.629546,-0.636900,0.299400,1.897200,0.406600,-0.485300,0.629500,,,,,,,1
35,1787660252.1674,1787660252.1814,0.05683,-0.616660,0.131922,2.000311,0.412641,-0.418777,0.608990,-0.632986,0.329431,1.877578,0.411057,-0.491496,0.626770,-0.633000,0.329400,1.877600,0.411100,-0.491500,0.626800,,,,,,,0
36,1787660252.2056,1787660252.2207,0.03825,-0.625864,0.158000,1.978835,0.412641,-0.434117,0.624330,-0.626101,0.362682,1.857413,0.406448,-0.502977,0.631456,-0.626100,0.362700,1.857400,0.406400,-0.503000,0.631500,,,,,,,0
37,1787660252.2562,1787660252.2695,0.05052,-0.630466,0.216291,1.938952,0.412641,-0.463262,0.625864,-0.621142,0.394714,1.842345,0.391162,-0.485932,0.638944,-0.621100,0.394700,1.842300,0.391200,-0.485900,0.638900,,,,,,,0
38,1787660252.323,1787660252.3376,0.06687,-0.630466,0.299126,1.896000,0.412641,-0.490874,0.628932,-0.617022,0.432686,1.829026,0.384392,-0.507799,0.639565,-0.617000,0.432700,1.829000,0.384400,-0.507800,0.639600,,,,,,,0
39,1787660252.3617,1787660252.3766,0.03861,-0.628932,0.335942,1.879126,0.411107,-0.495476,0.630466,-0.610968,0.455260,1.830660,0.381817,-0.505621,0.636896,-0.611000,0.455300,1.830700,0.381800,-0.505600,0.636900,,,,,,,0
40,1787660252.4195,1787660252.4347,0.05789,-0.624330,0.386563,1.859185,0.394233,-0.489340,0.630466,-0.606524,0.492568,1.813040,0.381579,-0.516776,0.635913,-0.606500,0.492600,1.813000,0.381600,-0.516800,0.635900,,,,,,,0
41,1787660252.4861,1787660252.5007,0.06652,-0.616660,0.435651,1.842311,0.386563,-0.495476,0.630466,-0.603824,0.516932,1.786296,0.389107,-0.545060,0.639002,-0.603800,0.516900,1.786300,0.389100,-0.545100,0.639000,,,,,,,0
42,1787660252.5249,1787660252.5396,0.03887,-0.613592,0.457126,1.842311,0.385029,-0.501612,0.630466,-0.601041,0.527742,1.781944,0.386716,-0.480423,0.630354,-0.601000,0.527700,1.781900,0.386700,-0.480400,0.630400,,,,,,,0
43,1787660252.5826,1787660252.5965,0.05762,-0.610524,0.495476,1.831573,0.385029,-0.513884,0.630466,-0.592051,0.541733,1.779484,0.389565,-0.461760,0.637949,-0.592100,0.541700,1.779500,0.389600,-0.461800,0.637900,,,,,,,0
44,1787660252.6377,1787660252.6526,0.05512,-0.608990,0.524621,1.803961,0.385029,-0.529223,0.630466,-0.587978,0.549352,1.767100,0.381742,-0.472020,0.638740,-0.588000,0.549400,1.767100,0.381700,-0.472000,0.638700,,,,,,,0
45,1787660252.6774,1787660252.6915,0.03977,-0.607456,0.536893,1.796292,0.385029,-0.529223,0.630466,-0.585747,0.555456,1.762850,0.381194,-0.475401,0.632668,-0.585700,0.555500,1.762900,0.381200,-0.475400,0.632700,,,,,,,0
46,1787660252.7344,1787660252.7493,0.05698,-0.598253,0.553767,1.793224,0.385029,-0.506214,0.630466,-0.579144,0.569304,1.751292,0.377095,-0.474883,0.639289,-0.579100,0.569300,1.751300,0.377100,-0.474900,0.639300,,,,,,,0
47,1787660252.7902,1787660252.8045,0.05581,-0.590583,0.562971,1.777884,0.385029,-0.478602,0.630466,-0.579222,0.580181,1.752981,0.392099,-0.477415,0.634829,-0.579200,0.580200,1.753000,0.392100,-0.477400,0.634800,,,,,,,0
48,1787660252.8292,1787660252.8445,0.03901,-0.589049,0.566039,1.774816,0.385029,-0.475534,0.630466,-0.578667,0.585118,1.745072,0.391532,-0.451432,0.641864,-0.578700,0.585100,1.745100,0.391500,-0.451400,0.641900,,,,,,,0
49,1787660252.8861,1787660252.9016,0.05687,-0.585981,0.579845,1.765612,0.377359,-0.475534,0.632000,-0.590121,0.598470,1.745509,0.389676,-0.424477,0.641971,-0.590100,0.598500,1.745500,0.389700,-0.424500,0.642000,,,,,,,1
50,1787660252.9252,1787660252.9396,0.03911,-0.584447,0.589049,1.764078,0.383495,-0.475534,0.636602,-0.597896,0.608687,1.739180,0.389371,-0.426622,0.641640,-0.597900,0.608700,1.739200,0.389400,-0.426600,0.641600,,,,,,,1
51,1787660252.9847,1787660252.9995,0.05951,-0.582913,0.598253,1.761010,0.391165,-0.455592,0.636602,-0.600990,0.615874,1.725393,0.398562,-0.443331,0.648502,-0.601000,0.615900,1.725400,0.398600,-0.443300,0.648500,,,,,,,0
52,1787660253.051,1787660253.0645,0.06628,-0.585981,0.613592,1.754874,0.391165,-0.429515,0.636602,-0.586886,0.618273,1.724648,0.377934,-0.492178,0.635311,-0.586900,0.618300,1.724600,0.377900,-0.492200,0.635300,,,,,,,1
53,1787660253.0901,1787660253.1036,0.0391,-0.589049,0.619728,1.750272,0.385029,-0.427981,0.641204,-0.588089,0.625380,1.722420,0.389515,-0.501729,0.641872,-0.588100,0.625400,1.722400,0.389500,-0.501700,0.641900,,,,,,,1
54,1787660253.1461,1787660253.1596,0.05597,-0.593651,0.630466,1.744136,0.395767,-0.437185,0.644272,-0.594076,0.626747,1.712319,0.383446,-0.478377,0.644597,-0.594100,0.626700,1.712300,0.383400,-0.478400,0.644600,,,,,,,0
55,1787660253.1837,1787660253.1975,0.03759,-0.593651,0.632000,1.741068,0.391165,-0.454058,0.642738,-0.590148,0.634328,1.713022,0.386664,-0.493365,0.644535,-0.590100,0.634300,1.713000,0.386700,-0.493400,0.644500,,,,,,,0
56,1787660253.2356,1787660253.2504,0.05192,-0.592117,0.632000,1.734932,0.386563,-0.483204,0.642738,-0.600477,0.633714,1.724021,0.383463,-0.485211,0.644698,-0.600500,0.633700,1.724000,0.383500,-0.485200,0.644700,,,,,,,0
57,1787660253.3021,1787660253.3163,0.06652,-0.590583,0.642738,1.730330,0.385029,-0.492408,0.642738,-0.613738,0.629231,1.726059,0.387182,-0.502216,0.641969,-0.613700,0.629200,1.726100,0.387200,-0.502200,0.642000,,,,,,,0
58,1787660253.3416,1787660253.3565,0.03952,-0.590583,0.647340,1.730330,0.385029,-0.492408,0.642738,-0.626936,0.625720,1.734801,0.387416,-0.500522,0.645033,-0.626900,0.625700,1.734800,0.387400,-0.500500,0.645000,,,,,,,0
59,1787660253.3988,1787660253.4134,0.05713,-0.592117,0.647340,1.730330,0.385029,-0.489340,0.642738,-0.643218,0.625083,1.739241,0.384851,-0.510899,0.638254,-0.643200,0.625100,1.739200,0.384900,-0.510900,0.638300,,,,,,,0
60,1787660253.4651,1787660253.4804,0.06638,-0.605922,0.647340,1.733398,0.385029,-0.492408,0.642738,-0.646691,0.627984,1.734515,0.379337,-0.515747,0.636944,-0.646700,0.628000,1.734500,0.379300,-0.515700,0.636900,,,,,,,0
61,1787660253.5018,1787660253.5164,0.03662,-0.616660,0.647340,1.739534,0.385029,-0.495476,0.642738,-0.655274,0.642886,1.735744,0.386553,-0.517539,0.639026,-0.655300,0.642900,1.735700,0.386600,-0.517500,0.639000,,,,,,,0
62,1787660253.5537,1787660253.5695,0.05193,-0.633534,0.647340,1.739534,0.385029,-0.504680,0.642738,-0.652929,0.634899,1.752304,0.385408,-0.510563,0.646147,-0.652900,0.634900,1.752300,0.385400,-0.510600,0.646100,,,,,,,0
63,1787660253.6202,1787660253.6346,0.06648,-0.644272,0.647340,1.739534,0.381961,-0.510816,0.642738,-0.652138,0.634997,1.743755,0.382932,-0.510454,0.656059,-0.652100,0.635000,1.743800,0.382900,-0.510500,0.656100,,,,,,,0
64,1787660253.6591,1787660253.6736,0.03888,-0.645806,0.647340,1.739534,0.381961,-0.510816,0.642738,-0.654721,0.641911,1.750178,0.372918,-0.529836,0.654039,-0.654700,0.641900,1.750200,0.372900,-0.529800,0.654000,,,,,,,0
65,1787660253.7167,1787660253.7316,0.05762,-0.645806,0.648874,1.753340,0.381961,-0.510816,0.650408,-0.657244,0.649974,1.744987,0.387308,-0.518043,0.654446,-0.657200,0.650000,1.745000,0.387300,-0.518000,0.654400,,,,,,,0
66,1787660253.7718,1787660253.7867,0.05512,-0.645806,0.648874,1.753340,0.378893,-0.510816,0.651942,-0.649554,0.647674,1.758763,0.384087,-0.526126,0.652134,-0.649600,0.647700,1.758800,0.384100,-0.526100,0.652100,,,,,,,0
67,1787660253.8099,1787660253.8246,0.03813,-0.645806,0.648874,1.753340,0.371223,-0.520019,0.651942,-0.661803,0.642759,1.757618,0.382452,-0.544948,0.656165,-0.661800,0.642800,1.757600,0.382500,-0.544900,0.656200,,,,,,,0
68,1787660253.8617,1787660253.8776,0.05178,-0.647340,0.659612,1.753340,0.380427,-0.521553,0.651942,-0.673955,0.646178,1.763716,0.384944,-0.545307,0.655193,-0.674000,0.646200,1.763700,0.384900,-0.545300,0.655200,,,,,,,1
69,1787660253.9281,1787660253.9426,0.0664,-0.647340,0.664214,1.757942,0.381961,-0.524621,0.651942,-0.679727,0.646489,1.754012,0.380822,-0.555180,0.659544,-0.679700,0.646500,1.754000,0.380800,-0.555200,0.659500,,,,,,,1
70,1787660253.9669,1787660253.9813,0.03879,-0.648874,0.662680,1.761010,0.381961,-0.535359,0.651942,-0.673581,0.651586,1.749278,0.378756,-0.545081,0.657837,-0.673600,0.651600,1.749300,0.378800,-0.545100,0.657800,,,,,,,0
71,1787660254.0247,1787660254.0386,0.0578,-0.661146,0.661146,1.762544,0.381961,-0.539961,0.651942,-0.679960,0.671573,1.740968,0.370061,-0.546094,0.664386,-0.680000,0.671600,1.741000,0.370100,-0.546100,0.664400,,,,,,,1
72,1787660254.0797,1787660254.0935,0.05499,-0.671884,0.662680,1.762544,0.381961,-0.547631,0.651942,-0.675487,0.675994,1.735594,0.370364,-0.574306,0.661699,-0.675500,0.676000,1.735600,0.370400,-0.574300,0.661700,,,,,,,1
73,1787660254.1193,1787660254.1345,0.03968,-0.671884,0.664214,1.762544,0.381961,-0.547631,0.656544,-0.684677,0.681724,1.727453,0.369853,-0.559879,0.660116,-0.684700,0.681700,1.727500,0.369900,-0.559900,0.660100,,,,,,,0
74,1787660254.1756,1787660254.1895,0.05628,-0.670350,0.678020,1.751806,0.371223,-0.547631,0.658078,-0.687310,0.672851,1.735955,0.367282,-0.563641,0.660929,-0.687300,0.672900,1.736000,0.367300,-0.563600,0.660900,,,,,,,0
75,1787660254.2143,1787660254.2276,0.03863,-0.670350,0.685689,1.742602,0.365087,-0.549165,0.658078,-0.680506,0.690918,1.724058,0.368723,-0.548662,0.661747,-0.680500,0.690900,1.724100,0.368700,-0.548700,0.661700,,,,,,,0
76,1787660254.2716,1787660254.2855,0.05736,-0.676486,0.690291,1.738000,0.371223,-0.556835,0.658078,-0.678278,0.705196,1.703982,0.369760,-0.544246,0.667010,-0.678300,0.705200,1.704000,0.369800,-0.544200,0.667000,,,,,,,0
77,1787660254.3404,1787660254.3556,0.06874,-0.678020,0.691825,1.738000,0.369689,-0.556835,0.658078,-0.673405,0.703807,1.688847,0.369028,-0.540612,0.667897,-0.673400,0.703800,1.688800,0.369000,-0.540600,0.667900,,,,,,,0
78,1787660254.3791,1787660254.3936,0.03872,-0.678020,0.697961,1.734932,0.369689,-0.550699,0.659612,-0.667661,0.720315,1.667632,0.366167,-0.534974,0.667556,-0.667700,0.720300,1.667600,0.366200,-0.535000,0.667600,,,,,,,0
79,1787660254.4369,1787660254.4515,0.0578,-0.678020,0.711767,1.713457,0.371223,-0.543029,0.659612,-0.675828,0.726681,1.675013,0.369838,-0.527341,0.670571,-0.675800,0.726700,1.675000,0.369800,-0.527300,0.670600,,,,,,,0
80,1787660254.5031,1787660254.5164,0.06626,-0.676486,0.719437,1.690447,0.371223,-0.538427,0.659612,-0.669665,0.730861,1.674044,0.362338,-0.517666,0.666328,-0.669700,0.730900,1.674000,0.362300,-0.517700,0.666300,,,,,,,0
81,1787660254.5421,1787660254.5566,0.03897,-0.674952,0.728641,1.678175,0.371223,-0.535359,0.665748,-0.668245,0.726166,1.672257,0.362196,-0.523355,0.665690,-0.668200,0.726200,1.672300,0.362200,-0.523400,0.665700,,,,,,,0
82,1787660254.5992,1787660254.6144,0.05706,-0.673418,0.731709,1.676641,0.365087,-0.523087,0.665748,-0.666447,0.728728,1.665066,0.358481,-0.525788,0.669662,-0.666400,0.728700,1.665100,0.358500,-0.525800,0.669700,,,,,,,0
83,1787660254.6549,1787660254.6695,0.05574,-0.673418,0.731709,1.676641,0.366621,-0.518486,0.665748,-0.671288,0.735148,1.656619,0.355774,-0.533695,0.668365,-0.671300,0.735100,1.656600,0.355800,-0.533700,0.668400,,,,,,,0
84,1787660254.6941,1787660254.7086,0.03924,-0.671884,0.731709,1.676641,0.366621,-0.518486,0.665748,-0.669529,0.739130,1.646098,0.358613,-0.534214,0.663987,-0.669500,0.739100,1.646100,0.358600,-0.534200,0.664000,,,,,,,0
85,1787660254.7506,1787660254.7646,0.05648,-0.671884,0.733243,1.670505,0.360485,-0.518486,0.665748,-0.671536,0.741737,1.643829,0.359355,-0.528104,0.664072,-0.671500,0.741700,1.643800,0.359400,-0.528100,0.664100,,,,,,,0
86,1787660254.7898,1787660254.8046,0.03919,-0.670350,0.740913,1.662835,0.358952,-0.526155,0.665748,-0.668159,0.744873,1.651187,0.362935,-0.547617,0.586504,-0.668200,0.744900,1.651200,0.362900,-0.547600,0.586500,,,,,,,0
87,1787660254.8487,1787660254.8625,0.05885,-0.670350,0.743981,1.652097,0.358952,-0.529223,0.665748,-0.661112,0.737107,1.669811,0.360768,-0.551816,0.480631,-0.661100,0.737100,1.669800,0.360800,-0.551800,0.480600,,,,,,,1
88,1787660254.9039,1787660254.9174,0.05528,-0.670350,0.748583,1.650563,0.358952,-0.529223,0.613592,-0.667636,0.732300,1.676425,0.368104,-0.549778,0.344491,-0.667600,0.732300,1.676400,0.368100,-0.549800,0.344500,,,,,,,1
89,1787660254.9433,1787660254.9575,0.03936,-0.670350,0.748583,1.650563,0.358952,-0.538427,0.559903,-0.661853,0.730464,1.673497,0.365265,-0.542565,0.260094,-0.661900,0.730500,1.673500,0.365300,-0.542600,0.260100,,,,,,,0
90,1787660255.0019,1787660255.0164,0.05858,-0.668816,0.748583,1.655165,0.352816,-0.546097,0.438719,-0.663004,0.730063,1.679072,0.360093,-0.547046,0.146924,-0.663000,0.730100,1.679100,0.360100,-0.547000,0.146900,,,,,,,1
91,1787660255.0682,1787660255.0824,0.06627,-0.668816,0.748583,1.662835,0.355884,-0.544563,0.266913,-0.658329,0.725031,1.683577,0.364856,-0.543332,0.096862,-0.658300,0.725000,1.683600,0.364900,-0.543300,0.096900,,,,,,,1
92,1787660255.1073,1787660255.1206,0.03919,-0.668816,0.748583,1.662835,0.355884,-0.544563,0.260777,-0.655842,0.720957,1.686244,0.362830,-0.556700,0.044827,-0.655800,0.721000,1.686200,0.362800,-0.556700,0.044800,,,,,,,0
93,1787660255.1649,1787660255.1796,0.05759,-0.668816,0.747049,1.664369,0.355884,-0.544563,0.220893,-0.661787,0.713664,1.691927,0.365409,-0.563387,-0.006170,-0.661800,0.713700,1.691900,0.365400,-0.563400,-0.006200,,,,,,,0
94,1787660255.2315,1787660255.2454,0.06653,-0.667282,0.743981,1.667437,0.355884,-0.544563,0.220893,-0.670765,0.710859,1.699229,0.360630,-0.556198,-0.026011,-0.670800,0.710900,1.699200,0.360600,-0.556200,-0.026000,,,,,,,0
95,1787660255.2683,1787660255.2815,0.03684,-0.667282,0.743981,1.667437,0.355884,-0.550699,0.219359,-0.677397,0.701026,1.700569,0.364858,-0.558123,-0.039256,-0.677400,0.701000,1.700600,0.364900,-0.558100,-0.039300,,,,,,,0
96,1787660255.3197,1787660255.3347,0.05139,-0.667282,0.740913,1.675107,0.355884,-0.556835,0.219359,-0.685285,0.688378,1.708725,0.367098,-0.551948,-0.040146,-0.685300,0.688400,1.708700,0.367100,-0.551900,-0.040100,,,,,,,0
97,1787660255.3864,1787660255.4016,0.06668,-0.667282,0.733243,1.685845,0.355884,-0.556835,0.219359,-0.692156,0.661072,1.707323,0.357382,-0.559413,-0.039192,-0.692200,0.661100,1.707300,0.357400,-0.559400,-0.039200,,,,,,,0
98,1787660255.4232,1787660255.4376,0.03686,-0.668816,0.730175,1.690447,0.355884,-0.556835,0.219359,-0.689435,0.635252,1.717275,0.364630,-0.554492,-0.048600,-0.689400,0.635300,1.717300,0.364600,-0.554500,-0.048600,,,,,,,0
99,1787660255.475,1787660255.4895,0.05174,-0.671884,0.725573,1.699651,0.355884,-0.556835,0.217825,-0.690111,0.607286,1.736792,0.361066,-0.547554,-0.047311,-0.690100,0.607300,1.736800,0.361100,-0.547600,-0.047300,,,,,,,0
100,1787660255.5412,1787660255.5546,0.06623,-0.678020,0.710233,1.719592,0.355884,-0.556835,0.217825,-0.691674,0.568396,1.753095,0.365638,-0.529065,-0.052136,-0.691700,0.568400,1.753100,0.365600,-0.529100,-0.052100,,,,,,,0
101,1787660255.5799,1787660255.5945,0.03871,-0.678020,0.696427,1.724194,0.366621,-0.556835,0.204019,-0.683010,0.519204,1.779432,0.369491,-0.520132,-0.050721,-0.683000,0.519200,1.779400,0.369500,-0.520100,-0.050700,,,,,,,0
102,1787660255.636,1787660255.6503,0.05606,-0.679553,0.668816,1.738000,0.363553,-0.549165,0.204019,-0.674099,0.477320,1.797837,0.373726,-0.515016,-0.050542,-0.674100,0.477300,1.797800,0.373700,-0.515000,-0.050500,,,,,,,0
103,1787660255.6741,1787660255.6885,0.03809,-0.681087,0.642738,1.751806,0.363553,-0.539961,0.204019,-0.670920,0.448829,1.817595,0.380906,-0.476949,-0.046933,-0.670900,0.448800,1.817600,0.380900,-0.476900,-0.046900,,,,,,,0
104,1787660255.7258,1787660255.7396,0.05178,-0.681087,0.598253,1.773282,0.363553,-0.524621,0.204019,-0.658129,0.402581,1.836485,0.385192,-0.416827,-0.047541,-0.658100,0.402600,1.836500,0.385200,-0.416800,-0.047500,,,,,,,0
105,1787660255.7924,1787660255.8065,0.06652,-0.679553,0.546097,1.802427,0.372757,-0.507748,0.204019,-0.642483,0.346224,1.864036,0.398024,-0.322475,-0.047740,-0.642500,0.346200,1.864000,0.398000,-0.322500,-0.047700,,,,,,,0
106,1787660255.8294,1787660255.8434,0.03702,-0.676486,0.518486,1.819301,0.377359,-0.490874,0.204019,-0.601868,0.288290,1.871749,0.399160,-0.145558,-0.048625,-0.601900,0.288300,1.871700,0.399200,-0.145600,-0.048600,,,,,,,1
107,1787660255.8807,1787660255.8945,0.05136,-0.667282,0.478602,1.837709,0.378893,-0.455592,0.204019,-0.581431,0.257501,1.868353,0.411207,-0.021930,-0.048318,-0.581400,0.257500,1.868400,0.411200,-0.021900,-0.048300,,,,,,,1
108,1787660255.9473,1787660255.9616,0.06652,-0.648874,0.424913,1.857651,0.388097,-0.398835,0.204019,-0.538526,0.214613,1.854349,0.406119,0.150663,-0.046634,-0.538500,0.214600,1.854300,0.406100,0.150700,-0.046600,,,,,,,0
109,1787660255.9845,1787660255.9985,0.03726,-0.632000,0.391165,1.872991,0.395767,-0.355884,0.204019,-0.506600,0.153581,1.837206,0.403066,0.381382,-0.047176,-0.506600,0.153600,1.837200,0.403100,0.381400,-0.047200,,,,,,,1
110,1787660256.036,1787660256.0504,0.05148,-0.598253,0.339010,1.876059,0.403437,-0.274583,0.204019,-0.475887,0.112710,1.845461,0.414614,0.475165,-0.047989,-0.475900,0.112700,1.845500,0.414600,0.475200,-0.048000,,,,,,,1
111,1787660256.1024,1787660256.1154,0.06638,-0.564505,0.279185,1.871457,0.403437,-0.142660,0.204019,-0.431972,0.093866,1.824308,0.405961,0.629756,-0.043014,-0.432000,0.093900,1.824300,0.406000,0.629800,-0.043000,,,,,,,0
112,1787660256.139,1787660256.1535,0.03665,-0.541495,0.246971,1.866855,0.403437,-0.058291,0.204019,-0.406716,0.071253,1.828676,0.400466,0.754835,-0.049197,-0.406700,0.071300,1.828700,0.400500,0.754800,-0.049200,,,,,,,0
113,1787660256.191,1787660256.2055,0.05201,-0.506214,0.196350,1.862253,0.408039,0.073631,0.204019,-0.370462,0.059905,1.822679,0.397498,0.844895,-0.043892,-0.370500,0.059900,1.822700,0.397500,0.844900,-0.043900,,,,,,,0
114,1787660256.2468,1787660256.2616,0.05577,-0.461728,0.144194,1.860719,0.408039,0.219359,0.202485,-0.334398,0.045136,1.797937,0.391744,0.904709,-0.046269,-0.334400,0.045100,1.797900,0.391700,0.904700,-0.046300,,,,,,,0
115,1787660256.284,1787660256.2997,0.03723,-0.438719,0.124252,1.851515,0.408039,0.314466,0.202485,-0.287072,0.028620,1.810638,0.395131,0.948767,-0.043474,-0.287100,0.028600,1.810600,0.395100,0.948800,-0.043500,,,,,,,0
116,1787660256.3359,1787660256.3504,0.05187,-0.403437,0.102777,1.845379,0.406505,0.452524,0.202485,-0.225635,0.010988,1.787693,0.390955,1.001693,-0.042228,-0.225600,0.011000,1.787700,0.391000,1.001700,-0.042200,,,,,,,0
117,1787660256.4024,1787660256.4164,0.06651,-0.355884,0.081301,1.839243,0.401903,0.608990,0.202485,-0.199161,0.012935,1.769428,0.389641,1.036397,-0.039436,-0.199200,0.012900,1.769400,0.389600,1.036400,-0.039400,,,,,,,0
118,1787660256.4414,1787660256.4547,0.03901,-0.326738,0.072097,1.834641,0.400369,0.687223,0.202485,-0.165338,0.011809,1.765941,0.385689,1.111000,-0.041050,-0.165300,0.011800,1.765900,0.385700,1.111000,-0.041000,,,,,,,0
119,1787660256.4978,1787660256.5127,0.05638,-0.274583,0.052155,1.817767,0.400369,0.805340,0.202485,-0.137923,0.015359,1.762154,0.383889,1.173826,-0.041082,-0.137900,0.015400,1.762200,0.383900,1.173800,-0.041100,,,,,,,0
120,1787660256.5541,1787660256.5676,0.05626,-0.225495,0.046019,1.793224,0.394233,0.905049,0.202485,-0.120089,0.017502,1.772547,0.379201,1.220248,-0.040522,-0.120100,0.017500,1.772500,0.379200,1.220200,-0.040500,,,,,,,0
121,1787660256.5934,1787660256.6066,0.03936,-0.196350,0.046019,1.785554,0.389631,0.963340,0.202485,-0.110172,0.028657,1.769398,0.377040,1.283883,-0.040331,-0.110200,0.028700,1.769400,0.377000,1.283900,-0.040300,,,,,,,0
122,1787660256.6499,1787660256.6646,0.05649,-0.156466,0.047553,1.784020,0.389631,1.055379,0.202485,-0.101449,0.036009,1.778239,0.382217,1.360982,-0.041190,-0.101400,0.036000,1.778200,0.382200,1.361000,-0.041200,,,,,,,0
123,1787660256.7063,1787660256.7197,0.05642,-0.127320,0.047553,1.784020,0.389631,1.136680,0.202485,-0.098004,0.037634,1.794002,0.386289,1.386925,-0.038273,-0.098000,0.037600,1.794000,0.386300,1.386900,-0.038300,,,,,,,0
124,1787660256.7462,1787660256.7605,0.03983,-0.116583,0.047553,1.784020,0.389631,1.184233,0.202485,-0.083422,0.045570,1.799040,0.388115,1.422265,-0.040938,-0.083400,0.045600,1.799000,0.388100,1.422300,-0.040900,,,,,,,0
125,1787660256.8043,1787660256.8174,0.05816,-0.107379,0.049087,1.785554,0.389631,1.264000,0.202485,-0.076101,0.054971,1.817596,0.387853,1.422376,-0.038635,-0.076100,0.055000,1.817600,0.387900,1.422400,-0.038600,,,,,,,1
126,1787660256.8443,1787660256.8586,0.03999,-0.104311,0.049087,1.794758,0.389631,1.308486,0.202485,-0.076346,0.065455,1.821153,0.387388,1.427229,-0.036817,-0.076300,0.065500,1.821200,0.387400,1.427200,-0.036800,,,,,,,1
127,1787660256.9012,1787660256.9143,0.05689,-0.093573,0.053689,1.807029,0.389631,1.371379,0.202485,-0.073135,0.078040,1.852101,0.377395,1.428734,-0.034920,-0.073100,0.078000,1.852100,0.377400,1.428700,-0.034900,,,,,,,0
128,1787660256.9563,1787660256.9695,0.05513,-0.084369,0.069029,1.820835,0.388097,1.406660,0.202485,-0.095372,0.115327,1.857045,0.377804,1.448651,-0.036492,-0.095400,0.115300,1.857000,0.377800,1.448700,-0.036500,,,,,,,1
129,1787660256.9967,1787660257.0105,0.04035,-0.081301,0.075165,1.828505,0.389631,1.418932,0.202485,-0.086070,0.127208,1.866828,0.371380,1.472980,-0.039822,-0.086100,0.127200,1.866800,0.371400,1.473000,-0.039800,,,,,,,1
130,1787660257.0535,1787660257.0665,0.05676,-0.079767,0.085903,1.846913,0.385029,1.425068,0.202485,-0.089000,0.130690,1.874800,0.369709,1.474549,-0.040574,-0.089000,0.130700,1.874800,0.369700,1.474500,-0.040600,,,,,,,0
131,1787660257.1091,1787660257.1226,0.05566,-0.079767,0.107379,1.866855,0.380427,1.445010,0.202485,-0.100072,0.139238,1.890117,0.364129,1.471987,-0.040967,-0.100100,0.139200,1.890100,0.364100,1.472000,-0.041000,,,,,,,0
132,1787660257.1485,1787660257.1635,0.03942,-0.079767,0.127320,1.869923,0.375825,1.461884,0.213223,-0.101083,0.157776,1.899098,0.369156,1.478223,-0.038232,-0.101100,0.157800,1.899100,0.369200,1.478200,-0.038200,,,,,,,0
133,1787660257.2065,1787660257.2215,0.05796,-0.079767,0.144194,1.883728,0.374291,1.469554,0.213223,-0.095795,0.174914,1.899828,0.360853,1.462623,-0.037948,-0.095800,0.174900,1.899800,0.360900,1.462600,-0.037900,,,,,,,0
134,1787660257.2623,1787660257.2755,0.05583,-0.087437,0.153398,1.894466,0.371223,1.471088,0.213223,-0.096553,0.191187,1.905533,0.351480,1.438982,-0.037707,-0.096600,0.191200,1.905500,0.351500,1.439000,-0.037700,,,,,,,0
135,1787660257.3015,1787660257.3164,0.03919,-0.088971,0.162602,1.902136,0.371223,1.474156,0.213223,-0.103596,0.190575,1.910953,0.337255,1.445709,-0.037175,-0.103600,0.190600,1.911000,0.337300,1.445700,-0.037200,,,,,,,0
136,1787660257.3595,1787660257.3744,0.05802,-0.090505,0.188680,1.903670,0.365087,1.468020,0.213223,-0.107128,0.202401,1.925897,0.335060,1.419440,-0.034685,-0.107100,0.202400,1.925900,0.335100,1.419400,-0.034700,,,,,,,0
137,1787660257.4153,1787660257.4295,0.0558,-0.090505,0.200951,1.914408,0.349748,1.449612,0.213223,-0.094874,0.218696,1.924130,0.333463,1.413352,-0.034013,-0.094900,0.218700,1.924100,0.333500,1.413400,-0.034000,,,,,,,0
138,1787660257.4545,1787660257.4696,0.03917,-0.090505,0.200951,1.915942,0.342078,1.448078,0.213223,-0.103911,0.227521,1.940649,0.303108,1.434170,-0.038471,-0.103900,0.227500,1.940600,0.303100,1.434200,-0.038500,,,,,,,0
139,1787660257.5108,1787660257.5245,0.05626,-0.095107,0.211689,1.926680,0.337476,1.432738,0.213223,-0.104406,0.233660,1.940439,0.284723,1.435268,-0.035788,-0.104400,0.233700,1.940400,0.284700,1.435300,-0.035800,,,,,,,0
140,1787660257.5674,1787660257.5804,0.05664,-0.095107,0.233165,1.929748,0.332874,1.422000,0.213223,-0.099490,0.236644,1.954958,0.270490,1.431253,-0.036639,-0.099500,0.236600,1.955000,0.270500,1.431300,-0.036600,,,,,,,0
141,1787660257.6068,1787660257.6225,0.03938,-0.095107,0.237767,1.942020,0.317534,1.422000,0.213223,-0.093917,0.240732,1.942857,0.286791,1.442680,-0.036344,-0.093900,0.240700,1.942900,0.286800,1.442700,-0.036300,,,,,,,0
142,1787660257.6631,1787660257.6777,0.05635,-0.095107,0.242369,1.946622,0.291456,1.431204,0.213223,-0.093887,0.221580,1.981357,0.236499,1.438788,-0.040064,-0.093900,0.221600,1.981400,0.236500,1.438800,-0.040100,,,,,,,0
143,1787660257.7029,1787660257.7174,0.03976,-0.095107,0.242369,1.948156,0.277651,1.431204,0.213223,-0.100814,0.222831,1.988939,0.235552,1.439848,-0.041582,-0.100800,0.222800,1.988900,0.235600,1.439800,-0.041600,,,,,,,0
144,1787660257.7622,1787660257.7777,0.0593,-0.095107,0.248505,1.955826,0.277651,1.438874,0.213223,-0.095949,0.230804,1.971386,0.233007,1.447201,-0.040139,-0.095900,0.230800,1.971400,0.233000,1.447200,-0.040100,,,,,,,1
145,1787660257.8286,1787660257.8425,0.06637,-0.095107,0.250039,1.961961,0.268447,1.438874,0.213223,-0.093401,0.228911,1.999237,0.216540,1.453449,-0.039453,-0.093400,0.228900,1.999200,0.216500,1.453400,-0.039500,,,,,,,1
146,1787660257.8672,1787660257.8804,0.03861,-0.095107,0.248505,1.978835,0.251573,1.438874,0.213223,-0.100330,0.229074,2.003263,0.212232,1.445521,-0.040061,-0.100300,0.229100,2.003300,0.212200,1.445500,-0.040100,,,,,,,0
147,1787660257.9253,1787660257.9407,0.05814,-0.095107,0.248505,1.992641,0.236233,1.445010,0.213223,-0.101587,0.238493,1.990055,0.211488,1.458310,-0.038648,-0.101600,0.238500,1.990100,0.211500,1.458300,-0.038600,,,,,,,1
148,1787660257.9916,1787660258.0064,0.0663,-0.095107,0.250039,2.007981,0.219359,1.448078,0.213223,-0.097151,0.251551,1.978888,0.212717,1.450958,-0.034474,-0.097200,0.251600,1.978900,0.212700,1.451000,-0.034500,,,,,,,1
149,1787660258.0306,1787660258.0456,0.03899,-0.095107,0.248505,2.009515,0.217825,1.448078,0.213223,-0.104978,0.240373,1.981547,0.199739,1.454137,-0.038800,-0.105000,0.240400,1.981500,0.199700,1.454100,-0.038800,,,,,,,0
150,1787660258.0884,1787660258.1026,0.05786,-0.095107,0.248505,2.004913,0.216291,1.454214,0.213223,-0.101580,0.256037,1.974567,0.204793,1.452185,-0.044832,-0.101600,0.256000,1.974600,0.204800,1.452200,-0.044800,,,,,,,0
151,1787660258.1435,1787660258.1585,0.05502,-0.095107,0.260777,2.000311,0.213223,1.454214,0.213223,-0.097077,0.256923,1.964448,0.195967,1.456680,-0.042782,-0.097100,0.256900,1.964400,0.196000,1.456700,-0.042800,,,,,,,0
152,1787660258.1822,1787660258.1966,0.0387,-0.095107,0.260777,1.998777,0.205553,1.454214,0.213223,-0.098804,0.249843,1.961810,0.202210,1.447758,-0.043805,-0.098800,0.249800,1.961800,0.202200,1.447800,-0.043800,,,,,,,0
153,1787660258.239,1787660258.2537,0.05679,-0.095107,0.260777,1.994175,0.207087,1.454214,0.213223,-0.096229,0.254808,1.954587,0.231158,1.437306,0.115559,-0.096200,0.254800,1.954600,0.231200,1.437300,0.115600,,,,,,,0
154,1787660258.2784,1787660258.2926,0.03949,-0.095107,0.260777,1.986505,0.202485,1.454214,0.213223,-0.092897,0.260958,1.937651,0.263355,1.446907,0.272608,-0.092900,0.261000,1.937700,0.263400,1.446900,0.272600,,,,,,,0
155,1787660258.3372,1787660258.3503,0.05879,-0.095107,0.262311,1.980369,0.202485,1.454214,0.213223,-0.092855,0.260432,1.926511,0.281273,1.466035,0.307592,-0.092900,0.260400,1.926500,0.281300,1.466000,0.307600,,,,,,,0
156,1787660258.4037,1787660258.4186,0.0665,-0.095107,0.263845,1.965029,0.225495,1.446544,0.227029,-0.099487,0.263605,1.915644,0.288085,1.437425,0.304182,-0.099500,0.263600,1.915600,0.288100,1.437400,0.304200,,,,,,,0
157,1787660258.4405,1787660258.4555,0.03674,-0.095107,0.268447,1.954292,0.245437,1.445010,0.280718,-0.096426,0.264112,1.911129,0.283692,1.449849,0.319514,-0.096400,0.264100,1.911100,0.283700,1.449800,0.319500,,,,,,,0
158,1787660258.4921,1787660258.5066,0.05162,-0.095107,0.269981,1.945088,0.271515,1.460350,0.316000,-0.095733,0.263657,1.900019,0.288649,1.455692,0.319419,-0.095700,0.263700,1.900000,0.288600,1.455700,0.319400,,,,,,,0
159,1787660258.5586,1787660258.5736,0.06653,-0.095107,0.269981,1.934350,0.282252,1.460350,0.317534,-0.097403,0.268284,1.890888,0.292183,1.444697,0.333107,-0.097400,0.268300,1.890900,0.292200,1.444700,0.333100,,,,,,,0
160,1787660258.5988,1787660258.6126,0.04013,-0.095107,0.269981,1.928214,0.282252,1.457282,0.317534,-0.097143,0.251255,1.900919,0.287225,1.430609,0.321351,-0.097100,0.251300,1.900900,0.287200,1.430600,0.321400,,,,,,,0
161,1787660258.6555,1787660258.6704,0.05676,-0.095107,0.269981,1.915942,0.285320,1.455748,0.323670,-0.100855,0.257175,1.886298,0.285693,1.443159,0.318094,-0.100900,0.257200,1.886300,0.285700,1.443200,0.318100,,,,,,,0
162,1787660258.7105,1787660258.7235,0.05497,-0.095107,0.271515,1.909806,0.286854,1.446544,0.328272,-0.101482,0.247953,1.891294,0.279540,1.434692,0.321594,-0.101500,0.248000,1.891300,0.279500,1.434700,0.321600,,,,,,,0
163,1787660258.7493,1787660258.7636,0.03884,-0.095107,0.271515,1.909806,0.286854,1.440408,0.328272,-0.096632,0.255006,1.877251,0.269047,1.428592,0.319964,-0.096600,0.255000,1.877300,0.269000,1.428600,0.320000,,,,,,,1
164,1787660258.8065,1787660258.8205,0.05719,-0.095107,0.271515,1.906738,0.286854,1.440408,0.322136,-0.101376,0.252964,1.868495,0.275712,1.424023,0.330350,-0.101400,0.253000,1.868500,0.275700,1.424000,0.330300,,,,,,,1
165,1787660258.8458,1787660258.8605,0.03925,-0.095107,0.271515,1.906738,0.282252,1.438874,0.322136,-0.105683,0.245249,1.861924,0.272725,1.425869,0.328226,-0.105700,0.245200,1.861900,0.272700,1.425900,0.328200,,,,,,,0
166,1787660258.9042,1787660258.9187,0.05848,-0.095107,0.271515,1.896000,0.274583,1.432738,0.323670,-0.098675,0.254356,1.853832,0.273032,1.443736,0.316905,-0.098700,0.254400,1.853800,0.273000,1.443700,0.316900,,,,,,,1
167,1787660258.9707,1787660258.9855,0.06641,-0.095107,0.271515,1.880660,0.274583,1.431204,0.323670,-0.096585,0.256634,1.845893,0.268621,1.433763,0.209269,-0.096600,0.256600,1.845900,0.268600,1.433800,0.209300,,,,,,,1
168,1787660259.01,1787660259.0245,0.03934,-0.095107,0.271515,1.880660,0.274583,1.431204,0.323670,-0.095953,0.257026,1.825038,0.271666,1.435946,0.141888,-0.096000,0.257000,1.825000,0.271700,1.435900,0.141900,,,,,,,0
169,1787660259.0674,1787660259.0824,0.05739,-0.095107,0.271515,1.871457,0.274583,1.435806,0.302194,-0.096773,0.247441,1.835461,0.271123,1.423498,0.126371,-0.096800,0.247400,1.835500,0.271100,1.423500,0.126400,,,,,,,0
170,1787660259.1228,1787660259.1374,0.05542,-0.095107,0.271515,1.860719,0.274583,1.438874,0.153398,-0.097156,0.234180,1.834099,0.265249,1.432989,0.012197,-0.097200,0.234200,1.834100,0.265200,1.433000,0.012200,,,,,,,0
171,1787660259.1625,1787660259.1776,0.03973,-0.095107,0.271515,1.848447,0.274583,1.438874,0.133456,-0.093335,0.215381,1.816365,0.264023,1.445274,-0.026410,-0.093300,0.215400,1.816400,0.264000,1.445300,-0.026400,,,,,,,0
172,1787660259.2195,1787660259.2325,0.05699,-0.095107,0.271515,1.843845,0.274583,1.434272,0.111981,-0.095464,0.187234,1.816023,0.258426,1.438835,-0.021489,-0.095500,0.187200,1.816000,0.258400,1.438800,-0.021500,,,,,,,0
173,1787660259.2757,1787660259.2906,0.05615,-0.095107,0.268447,1.843845,0.269981,1.434272,-0.023010,-0.090007,0.161503,1.824945,0.256692,1.433835,-0.020689,-0.090000,0.161500,1.824900,0.256700,1.433800,-0.020700,,,,,,,0
174,1787660259.3145,1787660259.3296,0.03882,-0.095107,0.260777,1.842311,0.268447,1.440408,-0.029146,-0.091334,0.133494,1.835585,0.263627,1.436724,-0.018577,-0.091300,0.133500,1.835600,0.263600,1.436700,-0.018600,,,,,,,0
175,1787660259.3725,1787660259.3876,0.05804,-0.095107,0.231631,1.837709,0.262311,1.440408,-0.024544,-0.090925,0.114734,1.844739,0.264143,1.425432,-0.015287,-0.090900,0.114700,1.844700,0.264100,1.425400,-0.015300,,,,,,,0
176,1787660259.4289,1787660259.4426,0.05637,-0.095107,0.196350,1.839243,0.262311,1.440408,-0.024544,-0.086583,0.080959,1.879189,0.262318,1.446318,-0.019330,-0.086600,0.081000,1.879200,0.262300,1.446300,-0.019300,,,,,,,0
177,1787660259.4685,1787660259.4824,0.03963,-0.095107,0.177942,1.842311,0.262311,1.440408,-0.024544,-0.089331,0.037199,1.944840,0.260096,1.408280,-0.022027,-0.089300,0.037200,1.944800,0.260100,1.408300,-0.022000,,,,,,,0
178,1787660259.5255,1787660259.5396,0.05692,-0.095107,0.151864,1.851515,0.262311,1.435806,-0.023010,-0.088017,0.012467,1.999831,0.248944,1.400536,-0.022423,-0.088000,0.012500,1.999800,0.248900,1.400500,-0.022400,,,,,,,0
179,1787660259.5814,1787660259.5956,0.0559,-0.095107,0.124252,1.872991,0.262311,1.435806,-0.023010,-0.090282,-0.008712,2.048768,0.255370,1.397689,-0.026571,-0.090300,-0.008700,2.048800,0.255400,1.397700,-0.026600,,,,,,,0
180,1787660259.6202,1787660259.6335,0.03884,-0.095107,0.099709,1.899068,0.262311,1.435806,-0.023010,-0.082174,-0.041772,2.106753,0.266101,1.315009,-0.025046,-0.082200,-0.041800,2.106800,0.266100,1.315000,-0.025000,,,,,,,0
181,1787660259.6762,1787660259.6906,0.05598,-0.095107,0.053689,1.954292,0.254641,1.412796,-0.023010,-0.084430,-0.066665,2.161474,0.266674,1.264906,-0.024797,-0.084400,-0.066700,2.161500,0.266700,1.264900,-0.024800,,,,,,,0
182,1787660259.7149,1787660259.7286,0.03875,-0.095107,0.030680,1.992641,0.256175,1.403592,-0.023010,-0.074021,-0.118063,2.244205,0.268058,1.183415,-0.029984,-0.074000,-0.118100,2.244200,0.268100,1.183400,-0.030000,,,,,,,1
183,1787660259.7772,1787660259.7905,0.06231,-0.092039,0.003068,2.063204,0.263845,1.375981,-0.023010,-0.080096,-0.149924,2.311621,0.263887,1.104934,-0.029600,-0.080100,-0.149900,2.311600,0.263900,1.104900,-0.029600,,,,,,,1
184,1787660259.842,1787660259.8565,0.06476,-0.087437,-0.038350,2.136835,0.263845,1.316156,-0.024544,-0.070848,-0.168035,2.374048,0.266571,0.988486,-0.030641,-0.070800,-0.168000,2.374000,0.266600,0.988500,-0.030600,,,,,,,0
185,1787660259.8788,1787660259.8936,0.03684,-0.082835,-0.067495,2.182855,0.265379,1.273204,-0.024544,-0.072427,-0.191296,2.450844,0.265383,0.728626,-0.030982,-0.072400,-0.191300,2.450800,0.265400,0.728600,-0.031000,,,,,,,1
186,1787660259.9304,1787660259.9456,0.05153,-0.082835,-0.102777,2.241146,0.265379,1.205709,-0.024544,-0.078005,-0.220427,2.511845,0.258293,0.599832,-0.032515,-0.078000,-0.220400,2.511800,0.258300,0.599800,-0.032500,,,,,,,1
187,1787660259.9969,1787660260.0115,0.06651,-0.081301,-0.141126,2.320913,0.265379,1.113670,-0.024544,-0.074995,-0.236169,2.566471,0.251648,0.478201,-0.029035,-0.075000,-0.236200,2.566500,0.251600,0.478200,-0.029000,,,,,,,0
188,1787660260.0339,1787660260.0484,0.037,-0.079767,-0.158000,2.370000,0.265379,1.052311,-0.024544,-0.076671,-0.258017,2.613084,0.255531,0.424171,-0.025651,-0.076700,-0.258000,2.613100,0.255500,0.424200,-0.025700,,,,,,,0
189,1787660260.0855,1787660260.1005,0.05162,-0.079767,-0.182544,2.432894,0.262311,0.944932,-0.024544,-0.078393,-0.278079,2.655111,0.243376,0.368556,-0.027551,-0.078400,-0.278100,2.655100,0.243400,0.368600,-0.027600,,,,,,,0
190,1787660260.1522,1787660260.1655,0.06668,-0.079767,-0.213223,2.514195,0.256175,0.788466,-0.024544,-0.078941,-0.287075,2.693484,0.228049,0.281133,-0.028349,-0.078900,-0.287100,2.693500,0.228000,0.281100,-0.028300,,,,,,,0
191,1787660260.1893,1787660260.2046,0.03711,-0.079767,-0.228563,2.555612,0.256175,0.710233,-0.024544,-0.079748,-0.310726,2.719439,0.228112,0.233945,-0.029092,-0.079700,-0.310700,2.719400,0.228100,0.233900,-0.029100,,,,,,,0
192,1787660260.2405,1787660260.2556,0.05126,-0.079767,-0.248505,2.610835,0.248505,0.599786,-0.024544,-0.084808,-0.329629,2.768068,0.193916,0.171304,-0.028691,-0.084800,-0.329600,2.768100,0.193900,0.171300,-0.028700,,,,,,,0
193,1787660260.3071,1787660260.3206,0.06662,-0.079767,-0.269981,2.672195,0.234699,0.469398,-0.024544,-0.090951,-0.351019,2.800568,0.186037,0.157599,-0.024989,-0.091000,-0.351000,2.800600,0.186000,0.157600,-0.025000,,,,,,,0
194,1787660260.3439,1787660260.3585,0.03672,-0.079767,-0.283786,2.698272,0.231631,0.409573,-0.024544,-0.087358,-0.377209,2.861866,0.132987,0.147651,-0.025471,-0.087400,-0.377200,2.861900,0.133000,0.147700,-0.025500,,,,,,,0
195,1787660260.3955,1787660260.4105,0.05165,-0.079767,-0.302194,2.738156,0.213223,0.319068,-0.024544,-0.089733,-0.378112,2.917475,0.047918,0.128703,-0.032576,-0.089700,-0.378100,2.917500,0.047900,0.128700,-0.032600,,,,,,,0
196,1787660260.4621,1787660260.4766,0.06661,-0.079767,-0.323670,2.793379,0.177942,0.233165,-0.024544,-0.087467,-0.384677,2.956101,-0.009170,0.123803,-0.029025,-0.087500,-0.384700,2.956100,-0.009200,0.123800,-0.029000,,,,,,,0
197,1787660260.4995,1787660260.5135,0.03739,-0.079767,-0.342078,2.825593,0.154932,0.196350,-0.024544,-0.092850,-0.377448,2.963578,-0.020029,0.111732,-0.027065,-0.092900,-0.377400,2.963600,-0.020000,0.111700,-0.027100,,,,,,,0
198,1787660260.5503,1787660260.5645,0.05079,-0.079767,-0.354350,2.877748,0.110447,0.156466,-0.024544,-0.087659,-0.377512,3.023568,-0.103983,0.117617,-0.028893,-0.087700,-0.377500,3.023600,-0.104000,0.117600,-0.028900,,,,,,,0
199,1787660260.5994,1787660260.6145,0.04908,-0.079767,-0.355884,2.917631,0.059825,0.131922,-0.024544,-0.086675,-0.371761,3.049222,-0.129782,0.137169,-0.026105,-0.086700,-0.371800,3.049200,-0.129800,0.137200,-0.026100,,,,,,,0
200,1787660260.666,1787660260.6803,0.06665,-0.081301,-0.357418,2.962117,-0.003068,0.121184,-0.024544,-0.090858,-0.363608,3.033906,-0.104559,0.147358,-0.027980,-0.090900,-0.363600,3.033900,-0.104600,0.147400,-0.028000,,,,,,,0
201,1787660260.7028,1787660260.7165,0.03673,-0.081301,-0.357418,2.968253,-0.042951,0.121184,-0.024544,-0.083404,-0.362994,3.081089,-0.158394,0.153982,-0.027916,-0.083400,-0.363000,3.081100,-0.158400,0.154000,-0.027900,,,,,,,1
202,1787660260.7544,1787660260.7686,0.05166,-0.081301,-0.357418,2.968253,-0.090505,0.130388,-0.024544,-0.085120,-0.368068,3.086923,-0.165907,0.157616,-0.025075,-0.085100,-0.368100,3.086900,-0.165900,0.157600,-0.025100,,,,,,,1
203,1787660260.8212,1787660260.8366,0.06679,-0.081301,-0.357418,2.968253,-0.131922,0.148796,-0.024544,-0.086135,-0.369781,3.096511,-0.173998,0.137389,-0.028007,-0.086100,-0.369800,3.096500,-0.174000,0.137400,-0.028000,,,,,,,0
204,1787660260.8769,1787660260.8916,0.05573,-0.081301,-0.357418,2.968253,-0.154932,0.154932,-0.024544,-0.086837,-0.370212,3.099728,-0.169237,0.152409,-0.028771,-0.086800,-0.370200,3.099700,-0.169200,0.152400,-0.028800,,,,,,,1
205,1787660260.9162,1787660260.9307,0.03923,-0.081301,-0.357418,2.968253,-0.162602,0.154932,-0.024544,-0.082678,-0.372392,3.106546,-0.190742,0.147701,-0.029632,-0.082700,-0.372400,3.106500,-0.190700,0.147700,-0.029600,,,,,,,1
206,1787660260.9728,1787660260.9876,0.05662,-0.081301,-0.357418,2.969787,-0.167204,0.148796,-0.024544,-0.087265,-0.368048,3.116418,-0.208384,0.150330,-0.024383,-0.087300,-0.368000,3.116400,-0.208400,0.150300,-0.024400,,,,,,,0
207,1787660261.0118,1787660261.0266,0.03902,-0.081301,-0.357418,2.969787,-0.167204,0.147262,-0.024544,-0.087287,-0.377908,3.105740,-0.203964,0.148947,-0.025189,-0.087300,-0.377900,3.105700,-0.204000,0.148900,-0.025200,,,,,,,0
208,1787660261.0704,1787660261.0856,0.05863,-0.081301,-0.357418,2.969787,-0.185612,0.147262,-0.024544,-0.086186,-0.374355,3.107794,-0.190396,0.149788,-0.025994,-0.086200,-0.374400,3.107800,-0.190400,0.149800,-0.026000,,,,,,,0
209,1787660261.1371,1787660261.1503,0.06663,-0.081301,-0.357418,2.969787,-0.202485,0.147262,-0.024544,-0.087000,-0.376891,3.109123,-0.177889,0.135720,-0.025659,-0.087000,-0.376900,3.109100,-0.177900,0.135700,-0.025700,,,,,,,0
210,1787660261.174,1787660261.1886,0.0369,-0.081301,-0.357418,2.969787,-0.202485,0.147262,-0.024544,-0.083837,-0.376548,3.115021,-0.173635,0.134006,-0.025743,-0.083800,-0.376500,3.115000,-0.173600,0.134000,-0.025700,,,,,,,0
211,1787660261.2257,1787660261.2406,0.05175,-0.081301,-0.357418,2.969787,-0.196350,0.147262,-0.024544,-0.085344,-0.375042,3.109408,-0.155973,0.126957,-0.029240,-0.085300,-0.375000,3.109400,-0.156000,0.127000,-0.029200,,,,,,,0
212,1787660261.2921,1787660261.3066,0.06639,-0.081301,-0.357418,2.969787,-0.181010,0.144194,-0.024544,-0.087672,-0.370236,3.113197,-0.138372,0.120277,-0.023841,-0.087700,-0.370200,3.113200,-0.138400,0.120300,-0.023800,,,,,,,0
213,1787660261.3287,1787660261.3436,0.03661,-0.081301,-0.357418,2.969787,-0.176408,0.138058,-0.024544,-0.084206,-0.372855,3.111022,-0.147727,0.132349,-0.022591,-0.084200,-0.372900,3.111000,-0.147700,0.132300,-0.022600,,,,,,,0
214,1787660261.3806,1787660261.3946,0.05187,-0.081301,-0.357418,2.969787,-0.164136,0.133456,-0.024544,-0.084585,-0.377346,3.106000,-0.143535,0.128159,-0.026150,-0.084600,-0.377300,3.106000,-0.143500,0.128200,-0.026100,,,,,,,0
215,1787660261.4471,1787660261.4626,0.06656,-0.081301,-0.357418,2.969787,-0.151864,0.128854,-0.024544,-0.084133,-0.371579,3.104391,-0.129163,0.121426,-0.029748,-0.084100,-0.371600,3.104400,-0.129200,0.121400,-0.029700,,,,,,,0
216,1787660261.4859,1787660261.5006,0.03873,-0.081301,-0.357418,2.969787,-0.151864,0.128854,-0.024544,-0.083675,-0.371433,3.114077,-0.130998,0.114881,-0.025126,-0.083700,-0.371400,3.114100,-0.131000,0.114900,-0.025100,,,,,,,0
217,1787660261.5436,1787660261.5586,0.05776,-0.081301,-0.357418,2.969787,-0.147262,0.128854,-0.024544,-0.087621,-0.367527,3.120440,-0.129448,0.107792,-0.027697,-0.087600,-0.367500,3.120400,-0.129400,0.107800,-0.027700,,,,,,,0
218,1787660261.6101,1787660261.6256,0.06653,-0.081301,-0.357418,2.969787,-0.134990,0.121184,-0.024544,-0.084741,-0.363600,3.125838,-0.134750,0.121936,-0.024406,-0.084700,-0.363600,3.125800,-0.134700,0.121900,-0.024400,,,,,,,0
219,1787660261.6487,1787660261.6626,0.03856,-0.081301,-0.357418,2.969787,-0.134990,0.121184,-0.024544,-0.088341,-0.369900,3.122037,-0.125858,0.124449,-0.028428,-0.088300,-0.369900,3.122000,-0.125900,0.124400,-0.028400,,,,,,,0
220,1787660261.7066,1787660261.7206,0.05793,-0.081301,-0.357418,2.969787,-0.133456,0.113515,-0.024544,-0.087226,-0.368615,3.123396,-0.131565,0.127147,-0.026984,-0.087200,-0.368600,3.123400,-0.131600,0.127100,-0.027000,,,,,,,1
221,1787660261.7732,1787660261.7866,0.06653,-0.081301,-0.357418,2.969787,-0.133456,0.119651,-0.024544,-0.091268,-0.370417,3.124123,-0.128168,0.118525,-0.027122,-0.091300,-0.370400,3.124100,-0.128200,0.118500,-0.027100,,,,,,,1
222,1787660261.8123,1787660261.8277,0.03911,-0.081301,-0.357418,2.969787,-0.131922,0.122718,-0.024544,-0.086523,-0.369903,3.120193,-0.124860,0.120470,-0.026809,-0.086500,-0.369900,3.120200,-0.124900,0.120500,-0.026800,,,,,,,0
223,1787660261.869,1787660261.8834,0.05675,-0.081301,-0.357418,2.969787,-0.131922,0.122718,-0.024544,-0.087652,-0.370546,3.129942,-0.120942,0.111512,-0.022992,-0.087700,-0.370500,3.129900,-0.120900,0.111500,-0.023000,,,,,,,1
224,1787660261.9252,1787660261.9396,0.05614,-0.081301,-0.357418,2.969787,-0.130388,0.122718,-0.024544,-0.089501,-0.366479,3.127670,-0.122991,0.112643,-0.029602,-0.089500,-0.366500,3.127700,-0.123000,0.112600,-0.029600,,,,,,,1
225,1787660261.9642,1787660261.9777,0.03908,-0.081301,-0.357418,2.969787,-0.127320,0.122718,-0.024544,-0.089516,-0.373121,3.129148,-0.117770,0.113263,-0.028762,-0.089500,-0.373100,3.129100,-0.117800,0.113300,-0.028800,,,,,,,0
226,1787660262.0205,1787660262.0357,0.0563,-0.081301,-0.357418,2.969787,-0.127320,0.119651,-0.024544,-0.088559,-0.370461,3.125975,-0.123757,0.118147,-0.025767,-0.088600,-0.370500,3.126000,-0.123800,0.118100,-0.025800,,,,,,,0
227,1787660262.0593,1787660262.0747,0.03876,-0.081301,-0.357418,2.969787,-0.127320,0.118117,-0.024544,-0.083877,-0.369920,3.129332,-0.122741,0.115071,-0.026557,-0.083900,-0.369900,3.129300,-0.122700,0.115100,-0.026600,,,,,,,0
228,1787660262.1188,1787660262.1337,0.05949,-0.081301,-0.357418,2.969787,-0.122718,0.118117,-0.024544,-0.084106,-0.373066,3.125550,-0.123606,0.127991,-0.025921,-0.084100,-0.373100,3.125600,-0.123600,0.128000,-0.025900,,,,,,,0
229,1787660262.185,1787660262.1997,0.06622,-0.081301,-0.357418,2.969787,-0.122718,0.118117,-0.024544,-0.080823,-0.371274,3.124802,-0.131367,0.124453,-0.023598,-0.080800,-0.371300,3.124800,-0.131400,0.124500,-0.023600,,,,,,,0
230,1787660262.2246,1787660262.2397,0.03956,-0.081301,-0.357418,2.969787,-0.122718,0.118117,-0.024544,-0.081446,-0.365404,3.127922,-0.131477,0.137663,-0.020228,-0.081400,-0.365400,3.127900,-0.131500,0.137700,-0.020200,,,,,,,0
231,1787660262.2816,1787660262.2964,0.05707,-0.081301,-0.357418,2.969787,-0.122718,0.122718,-0.026078,-0.080147,-0.371852,3.126698,-0.128780,0.142900,-0.020358,-0.080100,-0.371900,3.126700,-0.128800,0.142900,-0.020400,,,,,,,0
232,1787660262.3373,1787660262.3527,0.05567,-0.081301,-0.357418,2.969787,-0.127320,0.127320,-0.026078,-0.080066,-0.369566,3.118415,-0.132880,0.137729,-0.022466,-0.080100,-0.369600,3.118400,-0.132900,0.137700,-0.022500,,,,,,,0
233,1787660262.3768,1787660262.3915,0.03947,-0.081301,-0.357418,2.969787,-0.127320,0.136524,-0.026078,-0.075960,-0.360568,3.116787,-0.131728,0.134383,-0.022247,-0.076000,-0.360600,3.116800,-0.131700,0.134400,-0.022200,,,,,,,0
234,1787660262.4348,1787660262.4493,0.05801,-0.081301,-0.357418,2.969787,-0.127320,0.139592,-0.026078,-0.079702,-0.364378,3.120839,-0.137880,0.153327,-0.025108,-0.079700,-0.364400,3.120800,-0.137900,0.153300,-0.025100,,,,,,,0
235,1787660262.49,1787660262.5046,0.05519,-0.081301,-0.357418,2.969787,-0.127320,0.139592,-0.026078,-0.078075,-0.370397,3.133527,-0.132600,0.154842,-0.027820,-0.078100,-0.370400,3.133500,-0.132600,0.154800,-0.027800,,,,,,,0
236,1787660262.5295,1787660262.5436,0.03947,-0.081301,-0.357418,2.969787,-0.128854,0.139592,-0.026078,-0.079553,-0.373648,3.124793,-0.136769,0.146543,-0.024516,-0.079600,-0.373600,3.124800,-0.136800,0.146500,-0.024500,,,,,,,0
237,1787660262.5861,1787660262.6005,0.05663,-0.081301,-0.357418,2.969787,-0.133456,0.150330,-0.026078,-0.078229,-0.370307,3.134750,-0.136897,0.151912,-0.026638,-0.078200,-0.370300,3.134800,-0.136900,0.151900,-0.026600,,,,,,,0
238,1787660262.6417,1787660262.6565,0.05565,-0.081301,-0.357418,2.969787,-0.133456,0.151864,-0.026078,-0.081195,-0.369625,3.137257,-0.137768,0.144180,-0.025626,-0.081200,-0.369600,3.137300,-0.137800,0.144200,-0.025600,,,,,,,0
239,1787660262.6808,1787660262.6954,0.03906,-0.081301,-0.357418,2.969787,-0.133456,0.151864,-0.026078,-0.083567,-0.370001,3.137756,-0.140187,0.143904,-0.026825,-0.083600,-0.370000,3.137800,-0.140200,0.143900,-0.026800,,,,,,,1
240,1787660262.7376,1787660262.7513,0.05683,-0.081301,-0.357418,2.969787,-0.133456,0.151864,-0.026078,-0.081548,-0.366988,3.138594,-0.138373,0.151707,-0.026845,-0.081500,-0.367000,3.138600,-0.138400,0.151700,-0.026800,,,,,,,1
241,1787660262.7764,1787660262.7895,0.03875,-0.081301,-0.357418,2.969787,-0.133456,0.151864,-0.026078,-0.083009,-0.370144,3.140037,-0.137480,0.147194,-0.026978,-0.083000,-0.370100,3.140000,-0.137500,0.147200,-0.027000,,,,,,,0
242,1787660262.8368,1787660262.8504,0.06047,-0.081301,-0.357418,2.969787,-0.133456,0.151864,-0.026078,-0.079745,-0.364819,3.133389,-0.152707,0.163601,-0.024751,-0.079700,-0.364800,3.133400,-0.152700,0.163600,-0.024800,,,,,,,1
243,1787660262.8924,1787660262.9075,0.05552,-0.081301,-0.357418,2.969787,-0.133456,0.151864,-0.026078,-0.080336,-0.368182,3.131671,-0.150197,0.159662,-0.026691,-0.080300,-0.368200,3.131700,-0.150200,0.159700,-0.026700,,,,,,,1
244,1787660262.9482,1787660262.9614,0.0559,-0.081301,-0.357418,2.969787,-0.138058,0.151864,-0.026078,-0.081638,-0.358594,2.969245,-0.135215,0.151128,-0.026067,-0.081600,-0.358600,2.969200,-0.135200,0.151100,-0.026100,,,,,,,0
