step,t_obs,t_cmd,dt,pos_shoulder_pan,pos_shoulder_lift,pos_elbow_flex,pos_wrist_flex,pos_wrist_roll,pos_gripper,cmd_shoulder_pan,cmd_shoulder_lift,cmd_elbow_flex,cmd_wrist_flex,cmd_wrist_roll,cmd_gripper,sent_shoulder_pan,sent_shoulder_lift,sent_elbow_flex,sent_wrist_flex,sent_wrist_roll,sent_gripper,velraw_shoulder_pan,velraw_shoulder_lift,velraw_elbow_flex,velraw_wrist_flex,velraw_wrist_roll,velraw_gripper,chunk_start
0,1786708673.04,1786708673.3287,1.68132,1.0549,-96.3077,96.7912,74.5495,-84.7033,3.3069,0.8613,-95.8708,97.9423,74.9439,-84.9772,3.0399,0.8613,-95.8708,97.9423,74.9439,-84.9772,3.0399,0,0,0,0,0,0,1
1,1786708673.3298,1786708673.3351,0.28983,1.0549,-96.3077,96.7912,74.5495,-84.7033,3.3069,1.3334,-96.0464,98.1933,75.2329,-83.9237,3.0697,1.3334,-96.0464,98.1933,75.2329,-83.9237,3.0697,0,0,0,0,0,0,1
2,1786708673.3632,1786708673.368,0.03336,1.0549,-96.3077,96.7912,74.5495,-84.7033,3.3069,1.2302,-95.6211,97.6754,75.3629,-84.6690,3.0770,1.2302,-95.6211,97.6754,75.3629,-84.6690,3.0770,0,0,0,0,0,0,0
3,1786708673.3966,1786708673.401,0.0334,1.0549,-96.3077,96.9670,74.7253,-84.5275,3.3069,1.1972,-96.1494,98.0160,75.7336,-83.8363,3.0698,1.1972,-96.1494,98.0160,75.7336,-83.8363,3.0698,0,0,100,50,50,0,0
4,1786708673.43,1786708673.4341,0.03337,1.0549,-96.3077,97.0549,74.9890,-84.5275,3.3069,1.7278,-96.2983,98.5763,75.0129,-84.0472,2.9503,1.7278,-96.2983,98.5763,75.0129,-84.0472,2.9503,0,0,50,100,50,0,0
5,1786708673.4634,1786708673.468,0.03339,1.0549,-96.3956,97.0549,75.1648,-84.5275,3.3069,1.4271,-95.9325,98.1499,75.7055,-84.1307,2.9583,1.4271,-95.9325,98.1499,75.7055,-84.1307,2.9583,0,-50,0,50,0,0,0
6,1786708673.4968,1786708673.5012,0.03341,1.0549,-96.3956,97.1429,75.1648,-84.5275,3.3069,1.8360,-95.3757,98.4105,75.7596,-84.9512,3.0560,1.8360,-95.3757,98.4105,75.7596,-84.9512,3.0560,0,0,50,0,0,0,0
7,1786708673.5301,1786708673.535,0.03337,1.0549,-96.3077,97.1429,75.3407,-84.4396,3.2407,0.9712,-95.6037,98.3168,75.2304,-84.1319,3.1064,0.9712,-95.6037,98.3168,75.2304,-84.1319,3.1064,0,0,0,50,50,-50,0
8,1786708673.5635,1786708673.568,0.03337,1.1429,-96.3077,97.1429,75.4286,-84.5275,3.2407,1.7600,-95.3688,97.8844,75.3518,-84.0640,3.2020,1.7600,-95.3688,97.8844,75.3518,-84.0640,3.2020,0,0,0,0,0,0,0
9,1786708673.5969,1786708673.6011,0.0334,1.2308,-96.1319,97.1429,75.3407,-84.6154,3.2407,1.6174,-95.8979,97.9698,75.5666,-83.7721,3.2584,1.6174,-95.8979,97.9698,75.5666,-83.7721,3.2584,50,50,0,-50,50,0,0
10,1786708673.6303,1786708673.635,0.0334,1.2308,-96.1319,97.1429,75.3407,-84.2637,3.2407,1.3912,-95.2054,97.9953,74.6619,-84.4124,3.2613,1.3912,-95.2054,97.9953,74.6619,-84.4124,3.2613,0,0,0,0,150,0,0
11,1786708673.6638,1786708673.668,0.03349,1.3187,-96.2198,97.1429,75.3407,-84.2637,3.2407,1.6306,-95.1998,97.3917,75.1261,-85.0290,3.1351,1.6306,-95.1998,97.3917,75.1261,-85.0290,3.1351,0,-50,0,0,0,0,0
12,1786708673.6971,1786708673.7019,0.03329,1.4066,-95.9560,97.1429,75.2527,-84.3516,3.2407,1.1232,-95.0981,97.9390,74.6619,-84.9935,3.2234,1.1232,-95.0981,97.9390,74.6619,-84.9935,3.2234,50,100,0,0,-50,0,0
13,1786708673.7305,1786708673.7347,0.0334,1.4066,-95.8681,97.0549,75.2527,-84.5275,3.2407,1.5270,-95.0347,97.2126,74.9694,-84.2519,3.2417,1.5270,-95.0347,97.2126,74.9694,-84.2519,3.2417,0,0,0,0,-50,0,0
14,1786708673.7639,1786708673.7682,0.03342,1.4066,-95.8681,97.1429,75.1648,-84.7033,3.2407,1.7780,-96.1083,97.3489,74.9671,-84.1527,3.2045,1.7780,-96.1083,97.3489,74.9671,-84.1527,3.2045,0,0,50,0,-50,0,0
15,1786708673.7973,1786708673.8015,0.03337,1.4066,-95.8681,97.0549,75.1648,-84.6154,3.2407,1.8121,-96.0655,98.0603,75.0390,-84.4632,3.0418,1.8121,-96.0655,98.0603,75.0390,-84.4632,3.0418,0,0,-50,0,50,0,0
16,1786708673.8307,1786708673.8349,0.03337,1.4066,-95.9560,97.0549,75.1648,-84.4396,3.2407,1.9138,-95.1700,97.5896,74.6353,-84.6602,3.1174,1.9138,-95.1700,97.5896,74.6353,-84.6602,3.1174,0,-50,0,0,150,0,0
17,1786708673.8641,1786708673.8682,0.0334,1.4066,-96.0440,97.0549,75.1648,-84.4396,3.2407,1.5324,-96.2300,97.6933,75.4332,-84.9311,2.9635,1.5324,-96.2300,97.6933,75.4332,-84.9311,2.9635,0,0,0,0,0,0,0
18,1786708673.8975,1786708673.9016,0.03341,1.4066,-95.8681,97.0549,75.1648,-84.4396,3.2407,1.3970,-95.2435,97.2578,74.7438,-84.4454,3.0490,1.3970,-95.2435,97.2578,74.7438,-84.4454,3.0490,0,50,0,0,0,0,0
19,1786708673.9308,1786708673.9353,0.03337,1.4066,-96.0440,97.0549,75.2527,-84.5275,3.2407,1.6518,-96.5003,97.8324,74.5300,-84.6973,3.0645,1.6518,-96.5003,97.8324,74.5300,-84.6973,3.0645,0,-50,0,50,0,0,0
20,1786708673.9642,1786708673.9684,0.03337,1.4066,-95.9560,96.9670,75.0769,-84.5275,3.2407,1.6874,-95.6054,97.2309,74.9800,-84.9400,3.0033,1.6874,-95.6054,97.2309,74.9800,-84.9400,3.0033,0,50,-50,-100,0,0,0
21,1786708673.9976,1786708674.0018,0.03342,1.4066,-95.8681,97.0549,74.9890,-84.5275,3.2407,1.4199,-95.7066,97.7112,74.5688,-84.9729,3.1133,1.4199,-95.7066,97.7112,74.5688,-84.9729,3.1133,0,100,50,-50,0,0,0
22,1786708674.031,1786708674.0351,0.03338,1.4066,-95.9560,96.9670,74.9890,-84.5275,3.2407,1.5612,-95.6991,97.3531,75.0310,-84.8665,3.1721,1.5612,-95.6991,97.3531,75.0310,-84.8665,3.1721,0,-50,0,0,0,0,0
23,1786708674.0644,1786708674.0685,0.03339,1.4066,-95.9560,97.0549,74.9890,-84.7033,3.2407,1.0435,-95.7435,96.1950,74.9132,-84.2388,3.0624,1.0435,-95.7435,96.1950,74.9132,-84.2388,3.0624,0,0,0,0,-50,0,0
24,1786708674.0978,1786708674.1022,0.03344,1.4066,-95.9560,96.9670,74.9890,-84.7033,3.2407,1.4575,-96.0159,96.6451,74.9246,-84.8441,2.9989,1.4575,-96.0159,96.6451,74.9246,-84.8441,2.9989,0,0,-50,0,0,0,0
25,1786708674.1312,1786708674.1359,0.03336,1.4066,-95.9560,96.7912,74.9890,-84.7033,3.2407,-6.2713,-93.1397,78.3870,79.6281,-84.8709,2.8860,-6.2713,-93.1397,86.7912,79.6281,-84.8709,2.8860,0,0,0,0,0,0,0
26,1786708674.1646,1786708674.1691,0.03341,1.4066,-95.9560,96.7912,74.9890,-84.7033,3.2407,-9.4149,-89.0963,73.7891,78.4363,-84.3266,3.0049,-8.5934,-89.0963,86.7912,78.4363,-84.3266,3.0049,0,0,0,0,0,0,0
27,1786708674.198,1786708674.2024,0.03339,1.1429,-95.6044,96.1758,75.5165,-84.8791,3.2407,-9.8976,-88.2428,74.4093,78.3866,-83.7790,2.9508,-9.0330,-88.2428,86.0000,78.3866,-83.7790,2.9508,-150,0,-250,250,-50,0,0
28,1786708674.2314,1786708674.2358,0.03337,-1.0549,-93.8462,94.5055,76.4835,-84.7033,3.2407,-12.4553,-87.0834,68.7122,79.7631,-86.7104,2.8963,-11.4066,-87.0834,84.1538,79.7631,-86.7104,2.8963,-600,500,-650,250,-50,0,0
29,1786708674.2648,1786708674.2692,0.03341,-4.4835,-91.2088,91.9560,77.4505,-84.2637,3.2407,-14.0243,-82.5461,64.6926,82.2123,-88.4168,2.8981,-14.0243,-82.5461,81.5165,82.2123,-88.4168,2.8981,-1200,850,-900,200,250,0,0
30,1786708674.2982,1786708674.3026,0.03339,-7.2088,-89.5385,89.4066,78.2418,-84.7912,3.2407,-15.7174,-80.1152,61.8128,84.0540,-89.7555,2.7633,-15.7174,-80.1152,79.2308,84.0540,-89.7555,2.7633,-900,500,-850,350,-200,0,0
31,1786708674.3315,1786708674.3359,0.0334,-9.3187,-88.3077,87.2967,79.8242,-86.3736,3.2407,-17.6583,-79.4821,59.3095,86.5167,-91.8364,2.7357,-17.6583,-79.4821,77.0330,86.5167,-91.8364,2.7357,-700,400,-750,500,-500,0,0
32,1786708674.3649,1786708674.3696,0.03339,-11.9560,-85.9341,84.9231,81.4066,-87.8681,3.1746,-21.5773,-77.6486,56.9410,89.0365,-95.4963,2.6753,-21.5773,-77.6486,74.5714,89.0365,-95.4963,2.6753,-900,900,-850,550,-550,-50,0
33,1786708674.3984,1786708674.4029,0.03341,-14.3297,-83.4725,82.4615,83.5165,-89.3626,2.9762,-24.3118,-75.8688,54.4762,90.5946,-100.3866,2.7210,-24.3118,-75.8688,72.1978,90.5946,-99.5385,2.7210,-800,750,-800,800,-500,-50,0
34,1786708674.4318,1786708674.4362,0.03342,-16.2637,-81.2747,80.2637,85.6264,-91.5604,2.9101,-25.4643,-73.8158,52.3389,89.1415,-100.6287,2.7816,-25.4643,-73.8158,69.9121,89.1415,-100.6287,2.7816,-700,700,-750,700,-800,-50,0
35,1786708674.4651,1786708674.4695,0.03333,-19.2527,-79.1648,77.8901,87.5604,-94.2857,2.9101,-27.4703,-71.7737,50.4216,90.8119,-101.3244,2.8195,-27.4703,-71.7737,67.6264,90.8119,-101.3244,2.8195,-1000,700,-800,700,-1000,0,0
36,1786708674.4985,1786708674.5029,0.03342,-22.1538,-77.2308,75.6044,88.4396,-96.7473,2.9101,-28.1821,-71.2822,50.4859,89.0301,-100.9771,2.7922,-28.1821,-71.2822,65.2527,89.0301,-100.9771,2.7922,-950,650,-850,200,-900,0,0
37,1786708674.5319,1786708674.5363,0.03338,-23.7363,-75.2967,73.2308,88.7033,-98.5934,2.9101,-29.0884,-70.3240,50.3008,86.2335,-102.3012,2.8217,-29.0884,-70.3240,62.9670,86.2335,-102.3012,2.8217,-700,650,-800,0,-550,0,0
38,1786708674.5653,1786708674.5701,0.03341,-25.4066,-73.5385,70.8571,88.9670,-99.3846,2.9101,-29.8304,-67.1126,46.8829,86.3077,-104.2090,2.8852,-29.8304,-67.1126,60.5934,86.3077,-104.2090,2.8852,-550,650,-800,100,-350,0,0
39,1786708674.5987,1786708674.6032,0.03338,-27.0769,-72.3956,68.5714,88.0000,-100.3516,2.9101,-31.6837,-61.8017,43.6092,86.4646,-105.4494,2.9116,-31.6837,-62.2198,58.2198,86.4646,-105.4494,2.9116,-550,350,-800,-350,-350,0,0
40,1786708674.6321,1786708674.6365,0.03338,-27.9560,-70.9011,66.1978,87.2088,-101.9341,2.9101,-33.5099,-57.7482,42.6497,85.2421,-105.7775,3.0546,-33.5099,-60.6374,55.9341,85.2421,-105.7775,3.0546,-400,450,-750,-400,-550,0,0
41,1786708674.6655,1786708674.6699,0.03341,-29.0110,-68.3516,63.8242,87.1209,-103.5165,2.9101,-36.4039,-55.2300,39.7639,85.2629,-104.7794,2.9373,-36.4039,-57.9121,53.4725,85.2629,-104.7794,2.9373,-300,750,-850,0,-600,0,0
42,1786708674.6989,1786708674.7033,0.03344,-30.9451,-65.2747,61.3626,86.5055,-104.2198,2.9101,-38.5907,-51.7652,37.9675,85.4274,-103.4910,2.8645,-38.5907,-54.9231,51.0989,85.4274,-103.4910,2.8645,-650,1000,-800,-250,-250,0,0
43,1786708674.7323,1786708674.7367,0.03335,-33.0549,-62.5495,58.9011,86.0659,-104.2198,2.9101,-38.6691,-46.8515,35.7349,84.7064,-101.2196,2.9234,-38.6691,-52.1978,48.6374,84.7064,-101.2196,2.9234,-750,850,-800,-200,50,0,0
44,1786708674.7657,1786708674.7702,0.0334,-35.0769,-59.7363,56.6154,86.0659,-103.9560,2.9101,-41.5766,-45.4331,32.7939,85.3104,-104.0785,2.8813,-41.5766,-49.3846,46.3516,85.3104,-104.0785,2.8813,-700,950,-800,0,100,0,0
45,1786708674.7991,1786708674.8037,0.0334,-36.6593,-56.8352,54.3297,85.7143,-102.9011,2.9101,-42.1105,-42.6291,31.1776,85.2215,-106.4823,2.9653,-42.1105,-46.4835,44.0659,85.2215,-106.4823,2.9653,-500,1000,-750,-150,350,0,0
46,1786708674.8324,1786708674.8369,0.03337,-37.8022,-54.1099,51.9560,85.6264,-102.4615,2.9101,-43.4013,-38.1927,28.8727,85.6876,-108.7889,3.1142,-43.4013,-43.7582,41.6044,85.6876,-108.7889,3.1142,-400,950,-850,-50,50,0,0
47,1786708674.8658,1786708674.8703,0.03337,-39.5604,-51.3846,49.5824,85.6264,-103.3407,2.9101,-43.9283,-36.5444,25.5834,86.3078,-109.5476,2.9052,-43.9283,-40.9451,39.2308,86.3078,-109.5476,2.9052,-550,900,-800,0,-200,0,0
48,1786708674.8992,1786708674.9036,0.03342,-41.3187,-48.4835,47.2088,85.6264,-105.2747,2.9101,-44.5513,-34.2858,26.3560,85.1299,-113.9200,2.9266,-44.5513,-38.0440,36.9451,85.1299,-113.9200,2.9266,-600,1000,-800,0,-750,0,0
49,1786708674.9326,1786708674.937,0.0334,-42.3736,-45.5824,44.8352,85.7143,-107.2088,2.9101,-45.3746,-32.8003,25.4746,84.0212,-117.7195,2.8562,-45.3746,-35.2308,34.5714,84.0212,-117.3846,2.8562,-350,950,-850,50,-600,0,0
50,1786708674.966,1786708675.0793,0.03336,-42.9011,-42.7692,42.4615,85.5385,-109.0549,2.9101,-44.8347,-34.3277,31.9674,84.9170,-107.8992,2.9594,-44.8347,-34.3277,31.9674,84.9170,-107.8992,2.9594,-200,950,-800,0,-600,0,1
51,1786708675.0805,1786708675.0855,0.11446,-44.8352,-36.6154,37.8901,84.5714,-115.4725,2.9101,-44.9328,-31.3825,29.3375,84.5256,-108.4023,3.0596,-44.9328,-31.3825,29.3375,84.5256,-108.4023,3.0596,-50,350,-150,150,-300,0,1
52,1786708675.1138,1786708675.1185,0.0333,-44.7473,-36.0000,37.3626,84.5714,-116.0000,2.9101,-44.2623,-32.1483,30.6394,82.7234,-105.8767,3.2926,-44.2623,-32.1483,30.6394,82.7234,-106.0000,3.2926,50,150,-200,0,-150,0,0
53,1786708675.1472,1786708675.1519,0.03343,-44.6593,-34.7692,36.2198,84.6593,-115.7363,2.9101,-43.9028,-30.1938,27.8700,80.9810,-105.4071,3.3464,-43.9028,-30.1938,27.8700,80.9810,-105.5604,3.3464,50,500,-450,50,0,0,0
54,1786708675.1805,1786708675.1853,0.03334,-44.6593,-33.0989,34.4615,83.9560,-113.3626,2.9101,-44.4886,-29.9127,28.1148,79.2191,-103.4807,3.5453,-44.4886,-29.9127,28.1148,79.2191,-103.4807,3.5453,0,550,-650,-200,650,0,0
55,1786708675.214,1786708675.2185,0.03346,-44.6593,-31.7802,33.1429,82.7253,-110.5495,3.0423,-45.1242,-28.1449,27.3428,77.9669,-102.8316,3.4684,-45.1242,-28.1449,27.3428,77.9669,-102.8316,3.4684,0,450,-450,-400,950,50,0
56,1786708675.2473,1786708675.2519,0.03332,-44.5714,-30.8132,31.7363,81.2308,-108.0000,3.1746,-45.4046,-28.1060,26.5985,77.4520,-99.8364,3.5306,-45.4046,-28.1060,26.5985,77.4520,-99.8364,3.5306,0,350,-450,-450,850,50,0
57,1786708675.2807,1786708675.2855,0.03343,-44.5714,-29.8462,30.7692,80.0000,-105.8901,3.2407,-45.5732,-26.3021,26.7695,74.5771,-102.4576,3.3658,-45.5732,-26.3021,26.7695,74.5771,-102.4576,3.3658,0,250,-400,-400,800,50,0
58,1786708675.3141,1786708675.3186,0.03334,-44.9231,-28.9670,29.8901,79.0330,-104.3956,3.3069,-46.2363,-24.5808,26.0826,73.9650,-104.5262,3.4917,-46.2363,-24.5808,26.0826,73.9650,-104.5262,3.4917,-100,300,-300,-300,500,50,0
59,1786708675.3475,1786708675.352,0.03342,-45.0989,-28.0000,29.5385,77.8901,-102.6374,3.2407,-47.7067,-20.8878,24.7886,75.8159,-108.3746,3.5326,-47.7067,-20.8878,24.7886,75.8159,-108.3746,3.5326,-50,350,-50,-300,700,-50,0
60,1786708675.3809,1786708675.3855,0.03341,-45.4505,-26.3297,28.9231,76.3956,-102.7253,3.2407,-47.9402,-19.1125,21.7883,75.9020,-108.9568,3.2559,-47.9402,-19.1125,21.7883,75.9020,-108.9568,3.2559,-100,450,-150,-550,100,0,0
61,1786708675.4143,1786708675.4189,0.03341,-46.1538,-24.3077,27.9560,75.8681,-104.1319,3.2407,-47.1991,-19.2006,21.2972,76.6224,-106.4945,3.1628,-47.1991,-19.2006,21.2972,76.6224,-106.4945,3.1628,-250,650,-300,-150,-450,0,0
62,1786708675.4478,1786708675.452,0.03343,-46.8571,-21.9341,26.4615,76.3077,-106.3297,3.2407,-45.9334,-16.3010,20.7754,75.0185,-104.8030,3.2291,-45.9334,-16.3010,20.7754,75.0185,-104.8030,3.2291,-250,850,-550,100,-650,0,0
63,1786708675.4811,1786708675.4853,0.03333,-47.0330,-20.4396,25.0549,76.0440,-107.0330,3.2407,-46.5266,-15.7048,20.3215,75.3980,-104.2599,3.4692,-46.5266,-15.7048,20.3215,75.3980,-104.2599,3.4692,-100,400,-550,0,-350,0,0
64,1786708675.5145,1786708675.5188,0.03343,-46.6813,-19.2088,24.2637,76.0440,-106.5934,3.2407,-46.2784,-13.9081,18.6818,74.8286,-103.0614,3.2579,-46.2784,-13.9081,18.6818,74.8286,-103.0614,3.2579,50,400,-300,50,200,0,0
65,1786708675.5478,1786708675.5521,0.03329,-46.4176,-17.6264,23.2967,75.6044,-105.5385,3.2407,-45.8771,-12.8008,19.7378,74.9374,-104.1152,3.1966,-45.8771,-12.8008,19.7378,74.9374,-104.1152,3.1966,50,550,-350,-150,300,0,0
66,1786708675.5812,1786708675.5854,0.0334,-46.3297,-15.9560,22.3297,75.6044,-104.5714,3.2407,-47.4012,-10.8612,18.6683,75.9617,-106.2656,3.6257,-47.4012,-10.8612,18.6683,75.9617,-106.2656,3.6257,50,550,-300,0,350,0,0
67,1786708675.6147,1786708675.6189,0.03347,-46.3297,-14.2857,21.7143,75.3407,-104.4835,3.2407,-46.6755,-10.4761,19.0265,75.5310,-107.2560,3.6792,-46.6755,-10.4761,19.0265,75.5310,-107.2560,3.6792,0,650,-200,-100,50,0,0
68,1786708675.648,1786708675.6524,0.03336,-46.5055,-12.8791,21.5385,75.7802,-105.1868,3.3069,-48.2723,-8.9206,18.0896,75.8949,-107.8778,5.5531,-48.2723,-8.9206,18.0896,75.8949,-107.8778,5.5531,-50,450,-100,250,-300,0,0
69,1786708675.6814,1786708675.6856,0.03337,-46.6813,-11.6484,21.3626,75.6923,-106.2418,3.3730,-47.6148,-8.6706,18.1826,75.3192,-106.6681,9.4655,-47.6148,-8.6706,18.1826,75.3192,-106.6681,9.4655,-100,400,-50,0,-400,50,0
70,1786708675.7148,1786708675.719,0.03337,-46.8571,-10.3297,21.0110,75.6923,-106.7692,3.9021,-48.5253,-7.2621,18.2165,73.4654,-105.2929,17.4544,-48.5253,-7.2621,18.2165,73.4654,-105.2929,14.0344,-50,450,-100,50,-200,350,0
71,1786708675.7482,1786708675.7525,0.03337,-47.0330,-9.2747,20.8352,75.5165,-106.5934,5.5556,-48.0239,-5.9626,17.7059,72.0780,-105.5616,22.7645,-48.0239,-5.9626,17.7059,72.0780,-105.5616,15.8862,-50,350,-50,-100,150,750,0
72,1786708675.7815,1786708675.7859,0.03337,-47.3846,-8.3077,20.7473,74.9011,-106.0659,8.2011,-48.5439,-5.5046,17.4599,70.0633,-105.3895,27.9391,-48.5439,-5.5046,17.4599,70.0633,-105.3895,18.5317,-50,350,0,-150,200,1250,0
73,1786708675.8149,1786708675.8193,0.0334,-47.6484,-6.9890,20.2198,73.4945,-105.9780,10.7804,-48.4940,-4.3900,17.4400,69.9241,-104.1720,31.9677,-48.4940,-4.3900,17.4400,69.9241,-104.1720,21.1772,-100,450,-200,-450,0,1150,0
74,1786708675.8483,1786708675.853,0.0334,-47.8242,-6.0220,19.8681,72.2637,-105.8022,13.4921,-49.6855,-4.3113,17.6482,69.5044,-104.1300,34.7127,-49.6855,-4.3113,17.6482,69.5044,-104.1300,23.8889,-50,350,-100,-300,50,1200,0
75,1786708675.8817,1786708675.8862,0.0334,-47.9121,-5.1429,19.7802,71.4725,-105.4505,16.2037,-50.1347,-4.5454,17.7882,68.5058,-101.4292,36.3484,-50.1347,-4.5454,17.7882,68.5058,-101.4292,26.5344,-50,350,-50,-300,100,1250,0
76,1786708675.9151,1786708675.9195,0.03338,-48.3516,-4.6154,19.7802,70.7692,-104.7473,18.7831,-50.0598,-4.7352,17.3805,68.1173,-101.5030,36.4434,-50.0598,-4.7352,17.3805,68.1173,-101.5030,29.1138,-100,100,0,-250,300,1200,0
77,1786708675.9485,1786708675.9531,0.03338,-48.9670,-4.5275,19.7802,69.8901,-104.1319,21.5608,-50.2114,-2.4198,16.2318,68.3667,-102.3495,35.5454,-50.2114,-2.4198,16.2318,68.3667,-102.3495,31.8254,-250,50,0,-250,300,1250,0
78,1786708675.9819,1786708675.9864,0.03342,-49.4945,-4.5275,19.7802,69.2747,-102.9011,24.0741,-50.5988,-2.4868,15.4358,68.5161,-102.7169,34.1522,-50.5988,-2.4868,15.4358,68.5161,-102.7169,34.1522,-200,0,0,-300,500,1150,0
79,1786708676.0153,1786708676.0199,0.03337,-49.7582,-4.0879,18.9890,69.1868,-102.9890,26.7857,-51.2274,-0.8067,15.5515,68.2161,-102.0216,33.6806,-51.2274,-0.8067,15.5515,68.2161,-102.0216,33.6806,-100,250,-250,-50,0,1200,0
80,1786708676.0488,1786708676.0531,0.03349,-49.8462,-2.9451,18.0220,68.8352,-102.9011,29.2989,-50.2152,-0.4063,15.7520,68.2858,-101.9294,33.2908,-50.2152,-0.4063,15.7520,68.2858,-101.9294,33.2908,0,350,-350,-100,100,1150,0
81,1786708676.0822,1786708676.0866,0.03339,-50.1099,-1.8901,17.8462,68.8352,-102.7253,31.1508,-50.5003,3.7236,13.6235,68.6458,-102.2245,31.9900,-50.5003,3.7236,13.6235,68.6458,-102.2245,31.9900,-100,350,-50,-100,50,850,0
82,1786708676.1155,1786708676.1196,0.03334,-50.1978,-0.8352,17.8462,68.8352,-102.3736,31.6799,-51.0830,5.3594,12.0954,69.5508,-101.4176,31.1956,-51.0830,5.3594,12.0954,69.5508,-101.4176,31.1956,0,350,0,0,100,200,0
83,1786708676.1489,1786708676.1535,0.03344,-50.3736,0.3956,17.2308,68.9231,-102.3736,31.4815,-50.7720,6.4910,11.9370,70.2893,-101.0272,30.9899,-50.7720,6.4910,11.9370,70.2893,-101.0272,30.9899,-50,350,-200,50,0,-50,0
84,1786708676.1823,1786708676.1867,0.03334,-50.3736,2.5055,15.6484,68.9231,-102.1099,31.2169,-50.2151,8.5482,10.6348,70.8116,-102.4543,30.7169,-50.2151,8.5482,10.6348,70.8116,-102.4543,30.7169,0,650,-550,0,0,-150,0
85,1786708676.2158,1786708676.22,0.0335,-50.3736,4.5275,14.6813,69.3626,-101.5824,31.0847,-49.9272,10.1891,10.1793,70.6965,-103.0607,31.0941,-49.9272,10.1891,10.1793,70.6965,-103.0607,31.0941,0,700,-450,100,200,0,0
86,1786708676.2491,1786708676.2533,0.03332,-50.4615,6.6374,13.8901,70.1538,-102.1099,30.9524,-49.8989,11.5016,9.6633,70.5937,-103.4515,31.0509,-49.8989,11.5016,9.6633,70.5937,-103.4515,31.0509,0,650,-300,350,-200,-100,0
87,1786708676.2825,1786708676.2869,0.03337,-50.3736,8.6593,13.1868,69.8901,-102.6374,31.0185,-49.1873,12.8498,7.7224,70.8460,-102.3064,30.8979,-49.1873,12.8498,7.7224,70.8460,-102.3064,30.8979,50,700,-250,-150,-300,50,0
88,1786708676.3159,1786708676.3201,0.03346,-50.2857,10.2418,12.4835,69.9780,-102.9011,31.0185,-48.9478,15.6769,5.6639,70.8487,-101.9573,30.8182,-48.9478,15.6769,5.6639,70.8487,-101.9573,30.8182,0,500,-200,0,-100,0,0
89,1786708676.3493,1786708676.3539,0.03336,-50.1099,11.7363,11.5165,70.4176,-102.7253,30.9524,-49.2518,15.3762,5.7734,70.2381,-102.5143,30.9609,-49.2518,15.3762,5.7734,70.2381,-102.5143,30.9609,100,500,-350,150,100,0,0
90,1786708676.3827,1786708676.3872,0.03338,-49.7582,13.4945,9.9341,70.4176,-102.3736,30.9524,-48.9062,17.0554,4.0748,70.3490,-103.4323,30.7774,-48.9062,17.0554,4.0748,70.3490,-103.4323,30.7774,100,600,-600,0,150,0,0
91,1786708676.4161,1786708676.4204,0.03339,-49.4945,14.8132,8.7912,70.1538,-102.4615,30.9524,-48.6927,17.1153,3.8028,69.7038,-103.9546,30.8527,-48.6927,17.1153,3.8028,69.7038,-103.9546,30.8527,50,500,-450,-150,-50,0,0
92,1786708676.4495,1786708676.4537,0.03343,-49.2308,15.9560,7.9121,70.4176,-103.0769,30.9524,-48.5388,17.7215,3.8047,69.5199,-103.5720,30.4939,-48.5388,17.7215,3.8047,69.5199,-103.5720,30.4939,100,400,-300,150,-250,0,0
93,1786708676.4828,1786708676.487,0.03332,-49.1429,16.9231,6.9451,69.8901,-103.2527,30.9524,-48.3626,19.2363,2.7917,69.2512,-103.2257,30.7687,-48.3626,19.2363,2.7917,69.2512,-103.2257,30.7687,50,400,-300,-250,0,0,0
94,1786708676.5163,1786708676.521,0.03345,-48.9670,17.6264,6.4176,69.8901,-103.2527,30.8862,-48.8635,18.8169,4.0632,68.4568,-103.0024,30.7666,-48.8635,18.8169,4.0632,68.4568,-103.0024,30.7666,50,250,-200,-100,0,-50,0
95,1786708676.5497,1786708676.5542,0.03342,-48.7912,18.4176,5.6264,69.9780,-103.1648,30.9524,-49.5781,19.4535,2.9828,68.4869,-102.7629,30.8670,-49.5781,19.4535,2.9828,68.4869,-102.7629,30.8670,100,250,-250,50,0,50,0
96,1786708676.583,1786708676.5876,0.03335,-48.7912,18.6813,5.2747,69.3626,-103.1648,30.9524,-49.2513,19.6430,3.1020,67.2009,-103.5356,30.7257,-49.2513,19.6430,3.1020,67.2009,-103.5356,30.7257,0,200,-100,-200,0,0,0
97,1786708676.6164,1786708676.621,0.03338,-48.7912,19.0330,5.1868,69.2747,-103.2527,30.8862,-49.1804,18.9973,3.9807,66.2724,-102.5926,30.5355,-49.1804,18.9973,3.9807,66.2724,-102.5926,30.5355,0,100,0,-100,-50,0,0
98,1786708676.6498,1786708676.6544,0.03339,-48.7912,19.2967,4.7473,68.4835,-103.1648,31.0185,-49.9425,21.1709,2.7666,67.2178,-102.3177,30.6865,-49.9425,21.1709,2.7666,67.2178,-102.3177,30.6865,0,100,-200,-150,0,0,0
99,1786708676.6832,1786708676.6877,0.0334,-48.7912,19.2967,4.7473,67.6923,-103.0769,30.6878,-49.7604,20.8118,2.3390,67.4730,-102.2986,30.7274,-49.7604,20.8118,2.3390,67.4730,-102.2986,30.7274,0,0,0,-300,50,-200,0
100,1786708676.7166,1786708676.829,0.03335,-48.9670,19.7363,4.3956,67.6923,-102.7253,30.7540,-49.0217,19.6828,5.5487,64.7733,-101.9953,30.9276,-49.0217,19.6828,5.5487,64.7733,-101.9953,30.9276,-50,100,-50,-50,150,50,1
101,1786708676.8302,1786708676.835,0.1136,-49.0549,20.5275,3.3407,67.7802,-102.6374,30.7540,-50.5987,17.4838,7.3338,65.4414,-105.0540,30.2926,-50.5987,17.4838,7.3338,65.4414,-105.0540,30.2926,0,0,0,0,0,0,1
102,1786708676.8635,1786708676.8681,0.03331,-49.0549,20.5275,3.3407,67.6923,-102.6374,30.7540,-49.4245,19.1090,8.3997,65.5921,-104.1638,26.0375,-49.4245,19.1090,8.3997,65.5921,-104.1638,26.0375,0,0,0,0,0,0,0
103,1786708676.8969,1786708676.9015,0.03342,-49.3187,20.1758,3.8681,67.0769,-102.9011,30.6878,-49.1816,18.2855,9.7832,64.7002,-103.1032,27.8081,-49.1816,18.2855,9.7832,64.7002,-103.1032,27.8081,-50,0,300,-300,0,0,0
104,1786708676.9303,1786708676.935,0.03338,-49.4066,19.2967,5.6264,66.1099,-103.6044,29.9603,-49.8445,18.2299,7.9421,64.5260,-103.4900,29.8436,-49.8445,18.2299,7.9421,64.5260,-103.4900,29.8436,-100,-300,550,-350,-250,-400,0
105,1786708676.9637,1786708676.968,0.0334,-49.2308,19.0330,7.0330,65.5824,-103.5165,28.8360,-50.1551,19.4390,6.7070,64.2998,-103.3814,29.8094,-50.1551,19.4390,6.7070,64.2998,-103.3814,29.8094,50,0,500,-150,100,-500,0
106,1786708676.997,1786708677.0012,0.03338,-49.2308,18.9451,7.6484,65.1429,-103.4286,28.8360,-49.9701,18.7695,7.1072,64.0400,-102.5340,30.0709,-49.9701,18.7695,7.1072,64.0400,-102.5340,30.0709,0,-50,100,-100,50,-50,0
107,1786708677.0304,1786708677.0346,0.03342,-49.2308,18.9451,7.3846,65.1429,-103.4286,29.3651,-50.0186,18.8799,5.6605,63.0024,-103.4232,30.1193,-50.0186,18.8799,5.6605,63.0024,-103.4232,30.1193,0,0,0,0,0,200,0
108,1786708677.0639,1786708677.0685,0.03344,-49.3187,19.0330,7.1209,64.7912,-102.9890,29.6296,-49.9330,18.1823,7.0265,63.9320,-103.1920,30.1130,-49.9330,18.1823,7.0265,63.9320,-103.1920,30.1130,-50,0,-100,-100,200,150,0
109,1786708677.0972,1786708677.1019,0.03329,-49.4066,19.0330,6.9451,64.1758,-103.1648,29.7619,-50.4853,19.8324,6.6631,64.2405,-103.7606,30.2819,-50.4853,19.8324,6.6631,64.2405,-103.7606,30.2819,-50,0,-100,-200,0,50,0
110,1786708677.1306,1786708677.1348,0.03341,-49.4945,18.9451,6.6813,64.0879,-103.1648,29.8280,-50.0597,18.8677,6.8872,63.5079,-104.0371,30.2914,-50.0597,18.8677,6.8872,63.5079,-104.0371,30.2914,-50,-50,-150,-50,0,50,0
111,1786708677.164,1786708677.1683,0.03344,-49.6703,19.1209,6.6813,64.1758,-103.4286,29.8942,-50.2492,18.8483,5.6617,63.5929,-104.2007,29.7924,-50.2492,18.8483,5.6617,63.5929,-104.2007,29.7924,-50,50,0,0,-100,0,0
112,1786708677.1974,1786708677.2021,0.03339,-49.6703,19.2088,6.7692,64.0000,-103.6044,29.9603,-49.7532,18.4749,7.7241,63.3759,-103.9501,28.2363,-49.7532,18.4749,7.7241,63.3759,-103.9501,28.2363,0,50,50,-100,-150,50,0
113,1786708677.2308,1786708677.2353,0.03336,-49.6703,19.2088,6.5055,64.0000,-103.6044,29.8942,-49.6874,19.1254,7.3752,64.4251,-105.2175,24.7540,-49.6874,19.1254,7.3752,64.4251,-105.2175,24.7540,0,0,-50,0,0,0,0
114,1786708677.2641,1786708677.2687,0.03337,-49.6703,19.1209,6.5055,63.9121,-103.6923,29.3651,-49.5547,20.2654,5.9557,64.5208,-105.0546,24.7344,-49.5547,20.2654,5.9557,64.5208,-105.0546,24.7344,0,-50,0,-50,0,-50,0
115,1786708677.2976,1786708677.3018,0.03344,-49.6703,19.1209,6.9451,63.9121,-104.2198,27.9101,-50.5445,20.4759,5.8581,64.4057,-104.4893,28.0934,-50.5445,20.4759,5.8581,64.4057,-104.4893,28.0934,0,0,150,0,-50,-650,0
116,1786708677.3309,1786708677.3351,0.03337,-49.6703,19.3846,6.5934,64.1758,-104.5714,26.5873,-50.2013,21.4246,5.9401,64.5419,-104.1816,27.6292,-50.2013,21.4246,5.9401,64.5419,-104.1816,27.6292,0,0,-50,50,-100,-550,0
117,1786708677.3643,1786708677.3688,0.03335,-49.8462,19.6484,6.1538,64.2637,-104.3956,26.1905,-50.2859,20.1320,6.2133,64.5201,-104.3852,27.7222,-50.2859,20.1320,6.2133,64.5201,-104.3852,27.7222,-50,100,-200,0,50,-350,0
118,1786708677.3977,1786708677.4026,0.03345,-49.8462,20.1758,6.1538,64.2637,-104.3956,26.7196,-50.0390,20.8529,5.8867,64.5500,-104.5709,28.4048,-50.0390,20.8529,5.8867,64.5500,-104.5709,28.4048,0,200,0,0,0,200,0
119,1786708677.4311,1786708677.4354,0.03336,-49.8462,20.2637,6.1538,64.2637,-104.3956,27.2487,-49.3442,20.0716,6.1110,62.7605,-106.2225,21.4118,-49.3442,20.0716,6.1110,62.7605,-106.2225,21.4118,0,100,0,0,0,200,0
120,1786708677.4645,1786708677.4692,0.03342,-49.8462,20.1758,6.1538,64.2637,-104.3956,27.5794,-49.5226,20.2069,6.5888,63.0647,-106.7466,17.5927,-49.5226,20.2069,6.5888,63.0647,-106.7466,17.6455,0,-50,0,0,0,150,0
121,1786708677.4979,1786708677.5026,0.03337,-49.8462,20.1758,6.2418,63.9121,-104.9231,27.4471,-50.1003,20.4798,5.0409,63.3312,-106.8703,14.2938,-50.1003,20.4798,5.0409,63.3312,-106.8703,17.3810,0,0,50,-100,-50,0,0
122,1786708677.5313,1786708677.536,0.03337,-49.8462,20.1758,6.2418,63.5604,-105.8022,26.2566,-49.7550,20.6027,5.4298,63.5032,-105.5508,8.4708,-49.7550,20.6027,5.4298,63.5032,-105.5508,15.9259,0,0,0,-50,-350,-600,0
123,1786708677.5646,1786708677.5693,0.03338,-49.8462,20.2637,5.9780,63.6484,-106.0659,23.6111,-49.8286,21.1968,6.9703,64.9401,-106.8093,6.4450,-49.8286,21.1968,6.9703,64.9401,-106.8093,13.2804,0,0,-100,50,-100,-1250,0
124,1786708677.5981,1786708677.6028,0.03341,-49.7582,20.2637,5.6264,63.6484,-105.8901,20.9656,-49.8529,21.2492,4.8591,64.2691,-104.9925,6.3267,-49.8529,21.2492,4.8591,64.2691,-104.9925,10.5026,0,0,-100,0,100,-1250,0
125,1786708677.6315,1786708677.6358,0.03343,-49.7582,20.4396,5.8901,63.9121,-105.8022,18.2540,-49.7990,20.8005,5.1914,63.1563,-104.7911,7.1343,-49.7990,20.8005,5.1914,63.1563,-104.7911,7.9894,0,100,0,150,50,-1200,0
126,1786708677.6649,1786708677.6696,0.03341,-49.7582,20.6154,6.0659,63.9121,-106.0659,15.5423,-49.6897,20.7511,5.7926,63.6638,-105.1636,6.0808,-49.6897,20.7511,5.7926,63.6638,-105.1636,6.0808,0,50,100,0,-50,-1250,0
127,1786708677.6982,1786708677.7028,0.03333,-49.7582,20.7033,5.8022,63.7363,-105.5385,12.9630,-49.6067,22.0532,5.2317,63.8692,-105.4050,4.8807,-49.6067,22.0532,5.2317,63.8692,-105.4050,4.8807,0,0,-100,-100,250,-1150,0
128,1786708677.7316,1786708677.7361,0.03338,-49.7582,20.8791,5.5385,63.7363,-105.4505,10.5159,-48.8471,22.0838,5.9879,63.4248,-104.1430,4.4934,-48.8471,22.0838,5.9879,63.4248,-104.1430,4.4934,0,50,-50,0,0,-1050,0
129,1786708677.765,1786708677.7695,0.03336,-49.7582,21.0549,5.4505,63.6484,-105.4505,8.7963,-48.9002,22.8154,5.5428,63.5111,-104.2972,5.0565,-48.9002,22.8154,5.5428,63.5111,-104.2972,5.0565,0,50,-50,-50,0,-700,0
130,1786708677.7984,1786708677.8032,0.03343,-49.4945,21.3187,5.5385,63.5604,-105.1868,8.2672,-48.0352,21.5490,5.9136,64.1434,-104.8592,3.8809,-48.0352,21.5490,5.9136,64.1434,-104.8592,3.8809,50,100,0,-50,150,-350,0
131,1786708677.8318,1786708677.8363,0.03337,-49.2308,21.7582,5.5385,63.5604,-104.9231,8.2672,-47.8962,22.4358,5.9279,63.1504,-104.4992,4.3081,-47.8962,22.4358,5.9279,63.1504,-104.4992,4.3081,100,150,0,0,100,0,0
132,1786708677.8651,1786708677.8693,0.03337,-49.1429,21.7582,5.5385,63.4725,-104.9231,8.0026,-48.0839,22.4161,5.0679,64.5931,-104.2131,3.9016,-48.0839,22.4161,5.0679,64.5931,-104.2131,3.9016,50,50,0,0,0,-150,0
133,1786708677.8985,1786708677.9031,0.03341,-48.8791,21.7582,5.5385,63.4725,-104.8352,7.9365,-48.5458,22.3104,4.3306,64.3308,-104.1121,3.0722,-48.5458,22.3104,4.3306,64.3308,-104.1121,3.0722,100,0,0,0,50,-50,0
134,1786708677.932,1786708677.9362,0.03344,-48.7033,21.8462,5.2747,63.6484,-104.7473,7.8704,-47.3864,21.5234,6.0813,64.6086,-105.1581,3.7843,-47.3864,21.5234,6.0813,64.6086,-105.1581,3.7843,50,50,-150,50,50,0,0
135,1786708677.9653,1786708677.97,0.03336,-48.7033,22.1099,4.8352,64.0000,-104.6593,7.6720,-47.8895,20.6137,4.8614,65.2855,-105.3464,3.5728,-47.8895,20.6137,4.8614,65.2855,-105.3464,3.5728,0,50,-150,150,0,-50,0
136,1786708677.9987,1786708678.0035,0.03338,-48.5275,22.0220,5.0989,63.8242,-104.7473,7.6720,-48.0498,20.1818,3.4552,65.5219,-105.7672,4.1234,-48.0498,20.1818,3.4552,65.5219,-105.7672,4.1234,0,0,100,0,-50,0,0
137,1786708678.0321,1786708678.0368,0.03342,-48.4396,21.4945,5.3626,64.0879,-105.0110,7.6058,-48.1002,18.5728,2.1220,66.6291,-105.7717,3.7153,-48.1002,18.5728,2.1220,66.6291,-105.7717,3.7153,0,-200,0,100,-100,0,0
138,1786708678.0655,1786708678.0698,0.0334,-48.3516,21.0549,4.5714,64.6154,-105.2747,7.6058,-47.1052,17.5677,0.3923,67.0707,-105.2382,4.0041,-47.1052,17.5677,0.3923,67.0707,-105.2382,4.0041,0,-100,-200,200,-100,0,0
139,1786708678.0989,1786708678.103,0.03334,-48.3516,20.5275,3.6923,65.2308,-105.3626,7.6058,-46.2189,15.6394,-2.5528,70.1673,-105.0339,3.8473,-46.2189,15.6394,-2.5528,70.1673,-105.0339,3.8473,0,-150,-300,200,0,0,0
140,1786708678.1323,1786708678.1368,0.03338,-48.0879,20.0000,2.8132,66.0220,-105.3626,7.6058,-44.7119,14.3927,-3.1852,71.2640,-105.3386,4.3125,-44.7119,14.3927,-3.1852,71.2640,-105.3386,4.3125,50,-150,-300,300,0,0,0
141,1786708678.1657,1786708678.1703,0.03346,-47.5604,19.8242,1.5824,67.1648,-105.3626,7.6058,-44.4709,12.2436,-7.3537,73.7830,-105.8220,4.3939,-44.4709,12.2436,-7.3537,73.7830,-105.8220,4.3939,200,-100,-350,350,0,0,0
142,1786708678.199,1786708678.2037,0.03331,-46.7692,19.2967,0.3516,68.8352,-105.3626,7.6058,-45.0048,10.0651,-11.5270,78.0068,-105.3618,4.3120,-45.0048,10.0651,-9.7363,78.0068,-105.3618,4.3120,200,-100,-450,500,0,0,0
143,1786708678.2325,1786708678.2374,0.03344,-45.7143,18.0659,-0.7033,70.7692,-105.3626,7.6058,-43.7277,7.6326,-13.0044,78.9011,-104.9161,4.5003,-43.7277,7.8022,-10.9670,78.9011,-104.9161,4.5003,350,-400,-350,700,0,0,0
144,1786708678.2658,1786708678.2706,0.03331,-45.5385,16.4835,-2.9890,72.9670,-105.4505,7.6058,-43.4299,6.4054,-12.7807,79.8868,-103.6899,4.4001,-43.4299,6.4054,-12.7807,79.8868,-103.6899,4.4001,50,-550,-650,750,-50,0,0
145,1786708678.2992,1786708678.3036,0.03344,-45.1868,14.6374,-5.3626,75.4286,-105.3626,7.6058,-42.3332,2.1805,-13.4142,78.5532,-103.4186,4.4678,-42.3332,4.3736,-13.4142,78.5532,-103.4186,4.4678,150,-600,-800,850,0,0,0
146,1786708678.3326,1786708678.3373,0.03339,-44.7473,12.5275,-7.4725,77.0110,-104.6593,7.6058,-40.0311,-1.2449,-12.4192,76.8871,-102.0959,4.2321,-40.0311,2.2637,-12.4192,76.8871,-102.0959,4.2321,150,-700,-750,550,250,0,0
147,1786708678.366,1786708678.3703,0.03336,-44.1319,10.5055,-9.1429,77.1868,-104.1319,7.6058,-40.1865,-1.7964,-12.9787,78.3860,-103.5797,4.0372,-40.1865,0.2418,-12.9787,78.3860,-103.5797,4.0372,200,-700,-650,-50,150,0,0
148,1786708678.3994,1786708678.4037,0.03342,-42.9011,8.3077,-9.5824,76.8352,-103.5165,7.6058,-39.3055,-5.3500,-13.2707,77.3034,-98.0512,3.9772,-39.3055,-1.9560,-13.2707,77.3034,-98.0512,3.9772,450,-750,-150,-100,250,0,0
149,1786708678.4328,1786708678.4375,0.03338,-41.6703,6.2857,-10.0220,77.0989,-103.3407,7.6058,-37.4728,-8.6907,-12.0359,77.3623,-97.2126,4.1726,-37.4728,-3.9780,-12.0359,77.3623,-97.2126,4.1726,400,-700,-200,100,200,0,0
150,1786708678.4662,1786708678.5802,0.03341,-40.7033,4.3516,-10.2857,77.3626,-103.3407,7.6058,-38.6607,-3.3967,-13.2678,79.6250,-100.7875,1.7279,-38.6607,-3.3967,-13.2678,79.6250,-100.7875,1.7279,300,-650,-150,50,-50,0,1
151,1786708678.5814,1786708678.5864,0.1152,-38.2418,-0.4835,-10.3736,77.3626,-98.8571,7.6058,-36.2550,-4.8471,-14.5884,80.6746,-94.8827,1.8894,-36.2550,-4.8471,-14.5884,80.6746,-94.8827,1.8894,150,-250,0,0,200,0,1
152,1786708678.6147,1786708678.6194,0.03328,-37.9780,-0.6593,-10.3736,77.4505,-98.4176,7.6058,-34.2587,-8.3137,-12.7525,80.0027,-92.1820,1.3639,-34.2587,-8.3137,-12.7525,80.0027,-92.1820,1.3639,100,-100,0,50,150,0,0
153,1786708678.6481,1786708678.6532,0.03341,-37.8022,-0.8352,-10.7253,78.1538,-97.6264,7.3413,-33.6814,-11.1400,-12.0841,79.1040,-89.9338,1.2331,-33.6814,-10.9231,-12.0841,79.1040,-89.9338,1.2331,50,-50,-200,300,200,-100,0
154,1786708678.6814,1786708678.686,0.03336,-36.7473,-1.8022,-11.2527,79.2967,-95.5165,7.0767,-31.5301,-14.3392,-9.4824,77.9892,-87.8500,1.3924,-31.5301,-11.9780,-9.4824,77.9892,-87.8500,1.3924,350,-300,-250,350,800,-100,0
155,1786708678.7149,1786708678.7194,0.03348,-35.6923,-3.8242,-10.9890,79.2088,-93.5824,7.0767,-29.7731,-15.8846,-7.9913,78.5371,-85.0754,1.2152,-29.7731,-14.1758,-7.9913,78.5371,-85.0754,1.2152,350,-750,100,50,650,0,0
156,1786708678.7482,1786708678.7531,0.03331,-34.1978,-6.1978,-10.0220,78.5934,-91.5604,7.0767,-27.1186,-19.3963,-6.7531,79.6491,-81.0257,1.3763,-27.1186,-16.5495,-6.7531,79.6491,-81.2088,1.3763,500,-850,400,-200,700,0,0
157,1786708678.7816,1786708678.7864,0.03338,-32.5275,-8.4835,-8.7033,78.7692,-89.1868,7.0767,-24.6927,-22.3566,-4.7969,77.9337,-75.8230,1.3812,-24.6927,-18.7473,-4.7969,77.9337,-78.9231,1.3812,550,-750,400,100,800,0,0
158,1786708678.815,1786708678.8199,0.03342,-30.7692,-10.7692,-7.4725,79.0330,-86.6374,7.0767,-23.4958,-24.2568,-2.4175,72.9860,-72.1234,1.2839,-23.4958,-20.9451,-2.4175,72.9860,-76.1099,1.2839,650,-750,450,50,900,0,0
159,1786708678.8484,1786708678.8532,0.03339,-28.7473,-12.7033,-6.0659,79.1209,-83.7363,7.0767,-22.1446,-25.6870,-2.2729,71.6686,-68.0446,1.2855,-22.1446,-22.9670,-2.2729,71.6686,-73.3846,1.2855,700,-650,500,50,1100,0,0
160,1786708678.8819,1786708678.8869,0.03349,-26.4615,-14.9011,-4.3077,77.7143,-81.0989,7.0767,-20.7323,-27.4766,-1.7520,72.9946,-64.5106,1.2240,-20.7323,-25.2527,-1.7520,72.9946,-70.7473,1.2240,800,-750,550,-550,850,0,0
161,1786708678.9152,1786708678.9201,0.03329,-24.7033,-17.1868,-2.9011,75.5165,-78.3736,7.0767,-18.7626,-29.0871,-0.3997,72.7902,-67.2290,1.1456,-18.7626,-27.4505,-0.3997,72.7902,-68.0220,1.1456,550,-750,500,-750,900,0,0
162,1786708678.9486,1786708678.9533,0.03341,-23.1209,-19.2967,-2.1099,74.1099,-75.7363,7.0767,-18.1578,-28.9099,-0.6509,73.8910,-66.5005,1.1921,-18.1578,-28.9099,-0.6509,73.8910,-66.5005,1.1921,550,-700,250,-500,900,0,0
163,1786708678.982,1786708678.9868,0.03337,-21.8022,-21.5824,-1.2308,74.0220,-72.9231,7.0767,-16.1887,-29.3596,-0.6468,71.4992,-63.0739,1.4251,-16.1887,-29.3596,-0.6468,71.4992,-63.0739,1.4251,400,-750,300,0,900,0,0
164,1786708679.0153,1786708679.0199,0.03338,-20.4835,-23.6923,-0.7912,74.1978,-70.3736,7.0767,-15.3057,-29.6605,-0.2442,68.4704,-61.8661,1.3861,-15.3057,-29.6605,-0.2442,68.4704,-61.8661,1.3861,450,-700,150,50,900,0,0
165,1786708679.0488,1786708679.0533,0.03341,-19.0769,-25.2747,-0.7912,73.9341,-68.0879,7.0767,-13.7135,-31.1034,3.6640,65.1006,-59.9572,1.1240,-13.7135,-31.1034,3.6640,65.1006,-59.9572,1.1240,400,-600,0,-50,700,0,0
166,1786708679.0821,1786708679.087,0.03339,-17.4066,-26.5055,-0.2637,72.3516,-65.8022,7.0767,-12.8393,-31.6775,4.4086,62.7778,-59.3813,1.0603,-12.8393,-31.6775,4.4086,62.7778,-59.3813,1.0603,550,-400,200,-550,800,0,0
167,1786708679.1155,1786708679.1202,0.03337,-16.0879,-27.6484,0.7912,69.8022,-63.6044,7.0767,-12.2250,-33.9004,8.3349,58.9954,-60.3049,1.0758,-12.2250,-33.9004,8.3349,59.5385,-60.3049,1.0758,400,-400,250,-850,750,0,0
168,1786708679.1489,1786708679.1538,0.03338,-14.7692,-28.6154,2.6374,67.4286,-62.1099,7.0767,-11.3892,-35.3385,12.5135,54.8484,-60.3596,0.9304,-11.3892,-35.3385,12.5135,57.0769,-60.3596,0.9304,500,-350,650,-800,600,0,0
169,1786708679.1823,1786708679.1871,0.0334,-13.8901,-29.8462,4.8352,64.7912,-61.6703,7.0767,-10.7902,-35.9242,14.3136,51.3907,-60.4787,0.9067,-10.7902,-35.9242,14.3136,54.3516,-60.4787,0.9067,300,-350,700,-900,150,0,0
170,1786708679.2157,1786708679.2206,0.03344,-13.0110,-31.4286,7.8242,62.0659,-61.4945,7.0767,-9.9344,-38.2238,16.1452,51.3687,-61.8921,0.9043,-9.9344,-38.2238,16.1452,51.6264,-61.8921,0.9043,300,-500,1000,-900,100,0,0
171,1786708679.249,1786708679.2535,0.03331,-12.2198,-32.6593,10.8132,59.5165,-61.2308,7.0767,-10.0607,-39.0490,19.2295,47.9021,-64.6580,0.8648,-10.0607,-39.0490,19.2295,49.1648,-64.6580,0.8648,250,-400,1000,-900,100,0,0
172,1786708679.2824,1786708679.287,0.0334,-11.5165,-33.9780,13.3626,56.7912,-61.4066,7.0767,-8.5488,-40.7340,23.0506,44.4620,-67.5621,0.6453,-8.5488,-40.7340,23.0506,46.4396,-67.5621,0.6453,250,-350,900,-900,0,0,0
173,1786708679.3159,1786708679.3204,0.0335,-10.9011,-35.2967,15.9121,54.2418,-62.5495,7.0767,-7.6418,-42.6484,27.6721,41.5968,-68.1234,0.7216,-7.6418,-42.6484,26.2637,43.8901,-68.1234,0.7216,200,-450,850,-850,-450,0,0
174,1786708679.3493,1786708679.3541,0.03335,-10.1978,-36.5275,18.7253,51.6044,-64.4835,7.0767,-7.1183,-44.5008,29.7968,37.3540,-69.0619,0.5756,-7.1183,-44.5008,29.0769,41.1648,-69.0619,0.5756,200,-550,950,-900,-600,0,0
175,1786708679.3827,1786708679.3876,0.03344,-9.4066,-38.4615,21.8901,48.9670,-66.0659,7.0767,-7.5271,-47.0147,33.3461,33.5054,-69.5632,0.5716,-7.5271,-47.0147,32.3297,38.5275,-69.5632,0.5716,250,-600,1100,-900,-650,0,0
176,1786708679.4161,1786708679.4206,0.03333,-8.6154,-40.3077,25.1429,46.2418,-67.1209,7.0767,-7.3782,-47.1712,37.4676,28.1408,-67.8541,0.6768,-7.3782,-47.1712,35.4945,35.9780,-67.8541,0.6768,250,-600,1100,-900,-400,0,0
177,1786708679.4494,1786708679.4538,0.03339,-8.0000,-42.1538,28.1319,43.7802,-68.0000,7.0767,-7.6263,-48.0452,39.6461,24.5987,-68.0168,0.4682,-7.6263,-48.0452,38.5714,33.3407,-68.0168,0.4682,150,-650,1050,-850,-350,0,0
178,1786708679.4829,1786708679.4878,0.03344,-7.9121,-43.6484,31.2088,41.1429,-68.0000,7.0106,-7.0817,-48.1567,40.9992,21.0088,-67.7975,0.5937,-7.0817,-48.1567,40.9992,30.7033,-67.7975,0.5937,50,-550,1000,-900,0,0,0
179,1786708679.5162,1786708679.5213,0.03335,-8.1758,-44.9670,34.1978,38.4176,-67.8242,7.0106,-7.3932,-48.2674,41.9155,18.9446,-68.8339,0.6607,-7.3932,-48.2674,41.9155,27.9780,-68.8339,0.6607,-50,-450,1050,-900,50,0,0
180,1786708679.5496,1786708679.5545,0.03338,-8.2637,-45.7582,37.1868,35.7802,-67.6484,7.0106,-7.4163,-46.6597,43.1338,16.9747,-68.4462,0.8234,-7.4163,-46.6597,43.1338,25.4286,-68.4462,0.8234,0,-250,1000,-900,50,0,0
181,1786708679.583,1786708679.5876,0.0334,-8.1758,-45.9341,39.6484,33.2308,-68.0000,7.0106,-7.4983,-45.7304,42.5526,16.7739,-69.8049,0.8134,-7.4983,-45.7304,42.5526,22.8791,-69.8049,0.8134,50,-50,800,-850,-100,0,0
182,1786708679.6164,1786708679.6212,0.03339,-7.6484,-45.8462,41.4945,30.5934,-68.2637,7.0106,-7.7437,-43.7377,43.2319,16.6856,-71.4049,1.0127,-7.7437,-43.7377,43.2319,20.1538,-71.4049,1.0127,250,0,650,-950,0,0,0
183,1786708679.6499,1786708679.6546,0.03348,-7.6484,-45.2308,42.1099,28.0440,-68.8791,7.0106,-7.0322,-43.5338,43.2040,16.8941,-70.8882,0.8030,-7.0322,-43.5338,43.2040,17.6923,-70.8882,0.8030,0,200,200,-850,-250,0,0
184,1786708679.6832,1786708679.6876,0.03333,-7.8242,-44.7033,42.8132,25.4066,-69.8462,7.0106,-7.1574,-41.7900,41.9872,16.4918,-69.8901,0.8302,-7.1574,-41.7900,41.9872,16.4918,-69.8901,0.8302,0,200,300,-900,-300,0,0
185,1786708679.7166,1786708679.7211,0.03335,-8.0000,-44.0000,43.1648,22.6813,-70.1099,7.0106,-6.4425,-39.9225,41.9385,15.8201,-70.3380,0.7000,-6.4425,-39.9225,41.9385,15.8201,-70.3380,0.7000,-50,250,200,-900,-50,0,0
186,1786708679.75,1786708679.7548,0.03343,-7.8242,-42.9451,43.0769,20.5714,-69.9341,7.0106,-6.5239,-39.7971,42.2440,16.2105,-70.8655,0.8367,-6.5239,-39.7971,42.2440,16.2105,-70.8655,0.8367,100,350,-50,-850,50,0,0
187,1786708679.7833,1786708679.788,0.03336,-7.2088,-41.5385,43.0769,19.0769,-70.1099,7.0106,-7.2293,-40.6750,44.5183,12.8934,-70.8618,0.6819,-7.2293,-40.6750,44.5183,12.8934,-70.8618,0.6819,100,500,0,-500,-50,0,0
188,1786708679.8168,1786708679.8214,0.03341,-6.8571,-40.6593,43.1648,18.3736,-70.5495,7.0106,-6.9063,-40.4404,45.4237,11.5329,-70.7918,0.7857,-6.9063,-40.4404,45.4237,11.5329,-70.7918,0.7857,150,400,0,-200,-150,0,0
189,1786708679.8501,1786708679.8548,0.03337,-6.7692,-40.4835,43.9560,17.2308,-70.6374,7.0106,-7.1227,-40.7591,47.3444,9.8130,-70.3064,0.7118,-7.1227,-40.7591,47.3444,9.8130,-70.3064,0.7118,50,50,300,-250,0,0,0
190,1786708679.8835,1786708679.8881,0.03338,-6.8571,-40.4835,45.2747,15.2967,-70.5495,7.0106,-5.5001,-37.5615,45.5036,9.2652,-70.6436,0.8720,-5.5001,-37.5615,45.5036,9.2652,-70.6436,0.8720,0,0,400,-650,0,0,0
191,1786708679.9169,1786708679.9213,0.03337,-7.2088,-40.5714,46.2418,13.1868,-70.5495,7.0106,-4.2393,-37.4392,46.2220,6.3932,-69.6586,0.8546,-4.2393,-37.4392,46.2220,6.3932,-69.6586,0.8546,-100,-50,350,-650,0,0,0
192,1786708679.9503,1786708679.9558,0.03346,-6.9451,-40.0440,47.1209,11.9560,-70.5495,7.0106,-4.7330,-35.9622,46.5837,4.1002,-70.4270,0.7608,-4.7330,-35.9622,46.5837,4.1002,-70.4270,0.7608,100,100,300,-550,0,0,0
193,1786708679.9837,1786708679.9884,0.03339,-6.0659,-38.4615,47.0330,10.5495,-70.2857,7.0106,-4.2178,-36.3727,47.0135,2.9859,-71.2345,0.7466,-4.2178,-36.3727,47.0135,2.9859,-71.2345,0.7466,250,550,-50,-400,50,0,0
194,1786708680.0171,1786708680.0219,0.03338,-5.1868,-37.1429,47.1209,8.3516,-70.4615,7.0106,-4.3306,-36.0843,46.7292,2.1367,-70.9582,0.9472,-4.3306,-36.0843,46.7292,2.1367,-70.9582,0.9472,350,450,50,-750,0,0,0
195,1786708680.0505,1786708680.0552,0.0334,-4.8352,-36.6154,47.4725,6.5055,-70.9011,7.0106,-4.3953,-34.2328,47.1847,2.2830,-71.3040,0.8340,-4.3953,-34.2328,47.1847,2.2830,-71.3040,0.8340,150,300,50,-600,-50,0,0
196,1786708680.0838,1786708680.0885,0.03334,-4.8352,-36.3516,47.4725,5.1868,-70.8132,7.0106,-4.2617,-32.8496,47.3127,2.0241,-71.1054,0.8067,-4.2617,-32.8496,47.3127,2.0241,-71.1054,0.8067,-50,100,50,-450,0,0,0
197,1786708680.1172,1786708680.1218,0.03337,-5.0989,-35.7363,47.3846,4.3077,-70.8132,7.0106,-3.5433,-32.3611,45.8794,1.7848,-69.7786,0.9368,-3.5433,-32.3611,45.8794,1.7848,-69.7786,0.9368,-100,250,-100,-300,0,0,0
198,1786708680.1506,1786708680.1555,0.03338,-5.0989,-34.4176,47.4725,3.6923,-70.9011,7.0106,-3.5855,-30.1977,46.0998,1.5710,-69.4120,1.0966,-3.5855,-30.1977,46.0998,1.5710,-69.4120,1.0966,0,400,50,-200,0,0,0
199,1786708680.184,1786708680.1886,0.03339,-4.6593,-33.0110,47.4725,3.2527,-70.4615,7.0106,-3.5117,-29.7471,46.5526,-1.9524,-68.9005,0.8032,-3.5117,-29.7471,46.5526,-1.9524,-68.9005,0.8032,150,450,0,-200,50,0,0
200,1786708680.2174,1786708680.3274,0.03337,-3.9560,-31.7802,47.6484,2.9890,-70.1099,7.0106,-4.2299,-29.3089,47.0946,-0.5653,-70.3393,1.0181,-4.2299,-29.3089,47.0946,-0.5653,-70.3393,1.0181,250,450,0,-50,200,0,1
201,1786708680.3286,1786708680.3334,0.11124,-4.3077,-29.8462,47.6484,-0.0879,-69.3187,7.0106,-3.4688,-28.0069,47.3244,-1.7582,-69.1427,0.9284,-3.4688,-28.0069,47.3244,-1.7582,-69.1427,0.9284,-50,100,0,-150,0,0,1
202,1786708680.3619,1786708680.3674,0.03332,-4.3077,-29.8462,47.5604,-0.5275,-69.3187,7.0106,-3.2489,-27.3745,47.2760,-2.3589,-68.8686,0.9809,-3.2489,-27.3745,47.2760,-2.3589,-68.8686,0.9809,0,0,-50,-150,0,0,0
203,1786708680.3953,1786708680.4,0.0334,-3.9560,-29.0549,47.7363,-0.5275,-69.4066,7.0106,-3.5227,-27.8000,48.1433,-6.2856,-67.8675,0.9144,-3.5227,-27.8000,48.1433,-6.2856,-67.8675,0.9144,100,300,50,0,0,0,0
204,1786708680.4287,1786708680.4333,0.03337,-3.7802,-28.0000,47.8242,-1.0549,-69.4066,7.0106,-3.7984,-27.0232,48.3364,-6.6173,-68.3917,0.9510,-3.7984,-27.0232,48.3364,-6.6173,-68.3917,0.9510,100,400,50,-150,0,0,0
205,1786708680.4621,1786708680.4666,0.03337,-3.8681,-27.7363,48.5275,-1.9341,-68.9670,7.0106,-4.3661,-25.5024,47.7223,-6.6138,-68.4983,0.9806,-4.3661,-25.5024,47.7223,-6.6138,-68.4983,0.9806,-50,100,250,-200,100,0,0
206,1786708680.4954,1786708680.5,0.03337,-3.9560,-27.2967,48.8791,-3.5165,-68.7033,7.0106,-3.6259,-24.1483,46.8332,-5.8679,-67.7215,1.0337,-3.6259,-24.1483,46.8332,-5.8679,-67.7215,1.0337,0,150,250,-550,100,0,0
207,1786708680.5288,1786708680.5335,0.03339,-4.1319,-26.4176,48.7033,-4.4835,-68.8791,7.0106,-3.1023,-24.6046,46.4878,-6.5546,-67.6778,1.0717,-3.1023,-24.6046,46.4878,-6.5546,-67.6778,1.0717,-100,350,-100,-300,-50,0,0
208,1786708680.5622,1786708680.567,0.03341,-4.2198,-25.2747,48.6154,-4.6593,-68.4396,7.0106,-3.3391,-22.8186,46.0798,-6.3360,-68.3278,1.2870,-3.3391,-22.8186,46.0798,-6.3360,-68.3278,1.2870,0,350,-50,-100,0,0,0
209,1786708680.5956,1786708680.6004,0.03338,-3.9560,-24.6593,48.6154,-5.0110,-68.1758,7.0106,-3.8264,-22.5066,45.5262,-5.8573,-68.2082,1.3993,-3.8264,-22.5066,45.5262,-5.8573,-68.2082,1.3993,100,200,0,-100,100,0,0
210,1786708680.629,1786708680.6335,0.03337,-3.5165,-23.6923,48.7033,-5.0989,-68.3516,7.0106,-3.6018,-21.4354,45.1334,-8.1407,-69.1408,1.2875,-3.6018,-21.4354,45.1334,-8.1407,-69.1408,1.2875,200,350,50,0,-50,0,0
211,1786708680.6624,1786708680.667,0.03338,-3.4286,-22.9011,48.1758,-5.1868,-68.5275,7.0106,-4.3650,-20.9291,45.7931,-8.5942,-69.7570,1.2113,-4.3650,-20.9291,45.7931,-8.5942,-69.7570,1.2113,50,300,-200,-50,-100,0,0
212,1786708680.6958,1786708680.7003,0.0334,-3.6044,-21.9341,47.9121,-5.8022,-68.6154,7.0106,-3.8424,-18.6213,45.8328,-11.0137,-68.6069,1.3188,-3.8424,-18.6213,45.8328,-11.0137,-68.6069,1.3188,0,300,-50,-200,-50,0,0
213,1786708680.7292,1786708680.7338,0.03344,-4.0440,-21.0549,47.9121,-6.8571,-69.0549,7.0106,-4.0391,-17.2938,47.1173,-13.2731,-68.4756,1.5824,-4.0391,-17.2938,47.1173,-13.2731,-68.4756,1.5824,-150,300,0,-350,-150,0,0
214,1786708680.7626,1786708680.7672,0.0334,-4.0440,-20.0879,47.9121,-7.9121,-68.8791,7.0106,-4.7114,-16.2656,47.5753,-13.6536,-68.5687,1.5570,-4.7114,-16.2656,47.5753,-13.6536,-68.5687,1.5570,0,250,0,-250,0,0,0
215,1786708680.796,1786708680.8011,0.03339,-4.0440,-18.5934,47.9121,-9.8462,-68.7912,7.0106,-4.1629,-15.4683,46.5252,-14.6377,-68.3306,1.4866,-4.1629,-15.4683,46.5252,-14.6377,-68.3306,1.4866,0,500,0,-650,50,0,0
216,1786708680.8294,1786708680.8341,0.03337,-3.9560,-17.1868,48.1758,-11.2527,-68.8791,7.0106,-4.1041,-14.9244,46.3940,-13.3304,-68.4326,1.5565,-4.1041,-14.9244,46.3940,-13.3304,-68.4326,1.5565,50,450,100,-500,0,0,0
217,1786708680.8628,1786708680.8674,0.03342,-3.8681,-15.9560,48.2637,-12.1319,-68.7912,7.0106,-4.0885,-15.2169,46.9646,-12.8207,-69.2469,1.4669,-4.0885,-15.2169,46.9646,-12.8207,-69.2469,1.4669,50,450,0,-250,0,0,0
218,1786708680.8962,1786708680.9004,0.03338,-3.8681,-15.1648,48.2637,-12.3077,-68.7912,7.0106,-4.2828,-15.1637,48.0058,-13.4972,-69.5507,1.5988,-4.2828,-15.1637,48.0058,-13.4972,-69.5507,1.5988,0,300,0,-100,0,0,0
219,1786708680.9296,1786708680.9342,0.03344,-3.9560,-15.1648,48.2637,-12.1319,-68.9670,7.0106,-4.0225,-16.4729,48.8273,-12.2414,-69.3417,1.6351,-4.0225,-16.4729,48.8273,-12.2414,-69.3417,1.6351,-50,0,0,50,-100,0,0
220,1786708680.963,1786708680.9676,0.03335,-4.0440,-15.1648,48.4396,-12.4835,-69.2308,7.0106,-4.9804,-17.6805,49.8083,-12.6203,-69.3134,1.3872,-4.9804,-17.6805,49.8083,-12.6203,-69.3134,1.3872,-50,0,50,-100,-100,0,0
221,1786708680.9964,1786708681.0011,0.03341,-4.0440,-15.2527,49.0549,-12.3956,-69.1429,7.0106,-4.6895,-18.5944,50.5312,-11.9714,-69.2041,1.4462,-4.6895,-18.5944,50.5312,-11.9714,-69.2041,1.4462,0,0,250,0,50,0,0
222,1786708681.0298,1786708681.0342,0.03338,-4.1319,-15.4286,49.7582,-12.3077,-69.1429,7.0106,-5.3210,-19.0564,51.3095,-13.9003,-68.1138,1.4383,-5.3210,-19.0564,51.3095,-13.9003,-68.1138,1.4383,0,-50,200,0,0,0,0
223,1786708681.0632,1786708681.0678,0.03342,-4.2198,-15.6923,50.5495,-12.3077,-69.2308,7.0106,-5.6374,-18.1449,52.3869,-14.0762,-69.5598,1.2499,-5.6374,-18.1449,52.3869,-14.0762,-69.5598,1.2499,-50,-100,300,0,0,0,0
224,1786708681.0965,1786708681.1012,0.03338,-4.4835,-15.8681,51.2527,-12.5714,-68.9670,7.0106,-5.5772,-18.2387,53.2304,-14.2203,-69.0511,1.3400,-5.5772,-18.2387,53.2304,-14.2203,-69.0511,1.3400,-100,-50,200,0,100,0,0
225,1786708681.13,1786708681.1344,0.0334,-4.8352,-15.9560,52.0440,-13.0989,-68.9670,7.0106,-5.5765,-18.4317,53.3004,-14.5967,-69.3617,1.3908,-5.5765,-18.4317,53.3004,-14.5967,-69.3617,1.3908,-100,-50,300,-150,0,0,0
226,1786708681.1634,1786708681.1679,0.03341,-5.2747,-15.9560,52.9231,-13.2747,-69.2308,7.0106,-6.0397,-17.3452,52.6425,-14.4742,-69.7343,1.4271,-6.0397,-17.3452,52.6425,-14.4742,-69.7343,1.4271,-150,0,250,-50,-100,0,0
227,1786708681.1967,1786708681.2014,0.03338,-5.5385,-15.9560,53.3626,-13.5385,-69.3187,7.0106,-6.2431,-17.4331,53.0063,-13.4568,-69.7267,1.3587,-6.2431,-17.4331,53.0063,-13.4568,-69.7267,1.3587,-50,0,100,-100,-50,0,0
228,1786708681.2301,1786708681.2346,0.03337,-5.5385,-15.9560,53.3626,-13.5385,-69.2308,7.0106,-6.8065,-16.9020,52.6967,-14.3998,-68.6871,1.5601,-6.8065,-16.9020,52.6967,-14.3998,-68.6871,1.5601,-50,0,0,0,0,0,0
229,1786708681.2635,1786708681.2682,0.0334,-5.5385,-15.9560,53.3626,-13.4505,-69.4945,7.0106,-6.5308,-16.3460,51.4679,-14.0094,-69.6664,1.3540,-6.5308,-16.3460,51.4679,-14.0094,-69.6664,1.3540,0,0,0,50,-150,0,0
230,1786708681.2969,1786708681.3015,0.03339,-5.8022,-15.9560,53.3626,-13.5385,-69.3187,7.0106,-6.5473,-17.6385,51.6720,-13.4671,-68.6393,1.3903,-6.5473,-17.6385,51.6720,-13.4671,-68.6393,1.3903,-150,0,0,0,0,0,0
231,1786708681.3303,1786708681.3349,0.03335,-6.2418,-15.8681,53.3626,-13.5385,-69.2308,7.0106,-6.7097,-17.5979,52.9313,-14.5140,-68.6712,1.5960,-6.7097,-17.5979,52.9313,-14.5140,-68.6712,1.5960,-50,50,0,0,50,0,0
232,1786708681.3637,1786708681.3683,0.03344,-6.4176,-15.8681,53.3626,-13.5385,-69.4066,7.0106,-6.0876,-18.3443,54.6643,-14.5145,-67.7777,1.6855,-6.0876,-18.3443,54.6643,-14.5145,-67.7777,1.6855,-100,0,0,0,0,0,0
233,1786708681.397,1786708681.4018,0.03334,-6.4176,-15.8681,53.5385,-13.7143,-68.9670,7.0106,-5.5918,-18.7937,53.6320,-14.2648,-67.7814,5.9077,-5.5918,-18.7937,53.6320,-14.2648,-67.7814,5.9077,0,0,50,0,200,0,0
234,1786708681.4304,1786708681.4353,0.03334,-6.3297,-16.1319,54.2418,-13.9780,-68.7912,7.0106,-5.2977,-18.6894,53.9396,-12.6496,-67.9117,6.6844,-5.2977,-18.6894,53.9396,-12.6496,-67.9117,6.6844,0,-100,200,-100,100,0,0
235,1786708681.4638,1786708681.4683,0.03345,-6.3297,-16.4835,54.4176,-13.9780,-68.4396,7.0106,-5.5284,-19.2807,55.2102,-12.7898,-68.5297,4.2423,-5.5284,-19.2807,55.2102,-12.7898,-68.5297,4.2423,0,-150,100,0,100,0,0
236,1786708681.4972,1786708681.5014,0.03335,-6.1538,-16.5714,54.4176,-13.6264,-68.3516,7.2751,-5.3447,-20.6355,55.3618,-12.7867,-68.2611,6.6308,-5.3447,-20.6355,55.3618,-12.7867,-68.2611,6.6308,50,0,0,50,50,100,0
237,1786708681.5306,1786708681.5352,0.03339,-5.9780,-17.0989,54.9451,-13.2747,-68.5275,7.6720,-5.3367,-21.0398,55.4254,-11.8234,-67.6974,8.4534,-5.3367,-21.0398,55.4254,-11.8234,-67.6974,8.4534,50,-150,250,150,-50,200,0
238,1786708681.564,1786708681.5684,0.0334,-5.9780,-17.8901,55.2967,-13.2747,-68.5275,7.6720,-5.2027,-21.3782,55.6790,-11.4872,-67.7949,13.0557,-5.2027,-21.3782,55.6790,-11.4872,-67.7949,13.0557,0,-250,150,0,0,0,0
239,1786708681.5974,1786708681.602,0.03341,-5.9780,-18.4176,55.3846,-12.6593,-68.3516,8.0026,-5.8687,-21.6474,55.3525,-11.9259,-68.0392,16.8884,-5.8687,-21.6474,55.3525,-11.9259,-68.0392,16.8884,0,-200,50,250,50,50,0
240,1786708681.6308,1786708681.635,0.03337,-5.9780,-18.8571,55.5604,-12.3077,-68.2637,9.1931,-5.1810,-22.8657,54.8114,-11.5848,-67.3731,19.8837,-5.1810,-22.8657,54.8114,-11.5848,-67.3731,19.4577,0,-100,50,150,50,550,0
241,1786708681.6642,1786708681.6692,0.03344,-5.9780,-19.1209,55.5604,-12.2198,-68.2637,11.3757,-5.4977,-21.7857,55.3725,-10.8828,-67.0456,20.7457,-5.4977,-21.7857,55.3725,-10.8828,-67.0456,20.7457,0,-150,0,0,0,1100,0
242,1786708681.6976,1786708681.7023,0.0334,-5.8901,-19.7363,55.6484,-12.0440,-67.8242,14.1534,-5.6225,-22.7043,54.8920,-10.7879,-66.5755,23.4717,-5.6225,-22.7043,54.8920,-10.7879,-66.5755,23.4717,0,-200,50,100,100,1250,0
243,1786708681.7309,1786708681.7355,0.03334,-5.7143,-20.0000,55.6484,-11.5165,-67.5604,16.6005,-6.3112,-22.1773,55.8219,-10.9877,-67.0990,23.7376,-6.3112,-22.1773,55.8219,-10.9877,-67.0990,23.7376,50,-150,0,150,100,1150,0
244,1786708681.7643,1786708681.7689,0.03338,-5.6264,-20.0000,55.6484,-11.3407,-67.3846,18.9153,-5.5060,-21.6247,55.7162,-9.9998,-67.1654,23.2997,-5.5060,-21.6247,55.7162,-9.9998,-67.1654,23.2997,100,0,0,100,100,1050,0
245,1786708681.7977,1786708681.8023,0.03336,-5.5385,-20.0000,55.9121,-11.3407,-67.3846,20.7011,-5.0279,-23.6058,56.4953,-9.5195,-66.5789,22.5947,-5.0279,-23.6058,56.4953,-9.5195,-66.5789,22.5947,50,0,100,0,50,900,0
246,1786708681.8311,1786708681.8358,0.03342,-5.6264,-20.0879,56.0000,-10.7253,-67.2967,21.4286,-5.2924,-24.3606,57.4688,-9.3850,-66.4629,21.5723,-5.2924,-24.3606,57.4688,-9.3850,-66.4629,21.5723,0,-50,0,150,50,350,0
247,1786708681.8645,1786708681.8692,0.03341,-5.7143,-20.6154,56.2637,-10.2857,-67.0330,21.5608,-6.1776,-24.9756,57.4047,-9.4817,-66.8537,19.8104,-6.1776,-24.9756,57.4047,-9.4817,-66.8537,19.8104,-100,-100,50,150,50,0,0
248,1786708681.8979,1786708681.9026,0.03339,-5.6264,-21.6703,57.0549,-9.9341,-66.9451,21.4286,-6.3758,-26.3548,58.3070,-10.0917,-66.3444,19.1550,-6.3758,-26.3548,58.3070,-10.0917,-66.3444,19.1550,0,-400,300,100,100,0,0
249,1786708681.9313,1786708681.9358,0.03336,-5.6264,-22.2857,57.3187,-9.8462,-66.9451,20.7672,-7.0690,-26.4509,58.1138,-10.4433,-66.6076,19.6246,-7.0690,-26.4509,58.1138,-10.4433,-66.6076,19.6246,0,-150,50,50,0,-350,0
250,1786708681.9647,1786708682.0769,0.03347,-5.7143,-23.0769,57.8462,-9.8462,-66.8571,20.0397,-6.4172,-23.9701,57.4881,-9.7150,-66.5091,21.1142,-6.4172,-23.9701,57.4881,-9.7150,-66.5091,21.1142,0,-200,100,0,50,-300,1
251,1786708682.078,1786708682.0831,0.1133,-6.9451,-24.0440,58.1978,-9.9341,-66.6813,19.8413,-7.4945,-28.2188,59.4439,-10.0160,-67.0539,11.7188,-7.4945,-28.2188,59.4439,-10.0160,-67.0539,11.7188,-50,-50,0,0,0,0,1
252,1786708682.1114,1786708682.1163,0.03334,-6.7692,-24.1319,58.1978,-9.9341,-66.7692,19.8413,-9.2142,-30.8544,58.5311,-8.0199,-67.8774,6.2933,-9.2142,-30.8544,58.5311,-8.0199,-67.8774,9.8413,50,0,0,0,-50,0,0
253,1786708682.1447,1786708682.1495,0.03337,-6.5934,-24.6593,58.6374,-9.9341,-66.8571,19.5767,-11.0794,-36.4317,58.7137,-5.7165,-70.0374,0.6960,-11.0794,-34.8352,58.7137,-5.7165,-70.0374,9.4444,0,-50,0,0,-50,-150,0
254,1786708682.1781,1786708682.1829,0.03339,-7.2967,-26.2418,59.4286,-9.2308,-67.2967,17.9894,-12.4335,-42.2970,57.1667,2.6900,-69.7937,0.4479,-12.4335,-36.5934,57.1667,0.9451,-69.7937,7.7249,-200,-550,400,250,-200,-550,0
255,1786708682.2115,1786708682.2162,0.03338,-8.7033,-28.3516,59.3407,-7.7363,-68.0879,15.3439,-11.8399,-43.0791,56.2610,2.2144,-70.8705,1.7982,-11.8399,-38.7033,56.2610,2.2144,-70.8705,4.8810,-500,-650,0,450,-250,-1150,0
256,1786708682.2449,1786708682.2496,0.03337,-10.4615,-31.0769,59.1648,-5.5385,-68.8791,12.6323,-13.6597,-48.2961,56.2240,7.4718,-72.4637,2.2941,-13.6597,-41.3407,56.2240,4.8132,-72.4637,2.3677,-600,-900,-50,650,-250,-1150,0
257,1786708682.2783,1786708682.2831,0.03338,-11.0769,-33.5385,58.5495,-2.6374,-69.5824,9.7884,-13.9142,-52.5669,58.1161,8.7033,-72.2619,2.4622,-13.9142,-43.8901,58.1161,7.7143,-72.2619,2.4622,-300,-850,-250,1000,-300,-1150,0
258,1786708682.3117,1786708682.3167,0.03346,-11.6044,-35.9121,58.4615,0.1758,-70.7253,7.2751,-14.1282,-54.0879,60.2909,12.1437,-72.5460,1.6659,-14.1282,-46.2637,60.2909,10.6154,-72.5460,1.6659,-250,-800,0,950,-350,-1250,0
259,1786708682.3451,1786708682.3498,0.03336,-12.2198,-38.3736,58.7253,3.0769,-71.5165,5.3571,-13.6860,-58.7285,63.6243,14.7910,-72.3715,1.4948,-13.6860,-48.7253,63.6243,13.5165,-72.3715,1.4948,-200,-800,0,950,-300,-900,0
260,1786708682.3784,1786708682.3832,0.03337,-13.0110,-41.0110,59.8681,5.8901,-71.6923,3.9683,-13.3212,-62.0545,64.6780,21.6341,-72.4372,1.3719,-13.3212,-51.3626,64.6780,16.2418,-72.4372,1.3719,-200,-850,350,950,-50,-650,0
261,1786708682.4119,1786708682.4166,0.03342,-13.2747,-43.5604,61.4505,8.7033,-71.6923,3.1746,-12.9283,-67.0020,67.4036,25.2803,-72.1376,1.4010,-12.9283,-54.0000,67.4036,19.0549,-72.1376,1.4010,-100,-850,550,950,0,-400,0
262,1786708682.4452,1786708682.4499,0.03338,-13.2747,-46.1099,63.4725,11.5165,-71.9560,2.6455,-12.4674,-70.7418,68.4959,29.9487,-71.8199,1.9342,-12.4674,-56.3736,68.4959,21.9560,-71.8199,1.9342,0,-800,700,950,-50,-200,0
263,1786708682.4786,1786708682.4833,0.03337,-12.6593,-48.5714,65.2308,14.4176,-72.0440,2.3148,-12.6704,-75.3646,74.6400,29.0235,-73.9827,1.8351,-12.6704,-58.8352,74.6400,24.7692,-73.9827,1.8351,250,-850,550,1000,-50,-200,0
264,1786708682.512,1786708682.5169,0.03337,-12.6593,-51.0330,67.2527,17.2308,-72.0440,2.3148,-11.9708,-77.1464,79.8238,23.2766,-72.2363,1.5370,-11.9708,-61.4725,77.5165,23.2766,-72.2363,1.5370,0,-900,650,950,0,0,0
265,1786708682.5454,1786708682.5502,0.03338,-13.0989,-53.5824,68.7473,20.0440,-72.3956,2.3148,-11.7356,-81.4643,81.1456,27.2718,-73.7672,1.3505,-11.7356,-64.0220,78.9231,27.2718,-73.7672,1.3505,-200,-850,550,950,-50,0,0
266,1786708682.5788,1786708682.5835,0.0334,-13.0110,-56.3077,71.2967,21.8901,-73.1868,2.1164,-11.0020,-83.9812,86.5302,24.1878,-72.8392,1.1812,-11.0020,-66.7473,81.8242,24.1878,-72.8392,1.1812,0,-850,800,650,-250,-50,0
267,1786708682.6122,1786708682.6166,0.03341,-12.3956,-59.0330,74.6374,23.2967,-73.1868,1.9180,-9.7731,-89.2747,89.6973,24.7783,-73.1282,1.4076,-9.7731,-69.2967,85.0769,24.7783,-73.1282,1.4076,200,-950,1100,500,0,-100,0
268,1786708682.6455,1786708682.6503,0.03337,-11.7802,-61.4945,77.8901,24.7033,-73.1868,1.8519,-8.7397,-90.7748,92.8565,23.3972,-72.2545,1.4094,-8.7397,-71.9341,88.3297,23.3972,-72.2545,1.4094,200,-850,1100,550,0,-50,0
269,1786708682.6789,1786708682.6834,0.0334,-11.3407,-64.1319,81.0549,24.6154,-73.2747,1.8519,-7.7874,-96.5148,95.8253,24.1693,-73.1299,1.5100,-7.7874,-74.4835,91.3187,24.1693,-73.1299,1.5100,100,-850,1050,50,0,0,0
270,1786708682.7123,1786708682.7171,0.03341,-10.4615,-67.0330,83.9560,24.1758,-72.8352,1.8519,-7.6353,-100.7631,96.9700,27.3443,-73.5223,1.3249,-7.6353,-77.2967,94.3956,27.3443,-73.5223,1.3249,300,-950,1050,-150,150,0,0
271,1786708682.7458,1786708682.7506,0.03341,-9.0549,-69.7582,87.0330,24.2637,-73.0989,1.8519,-7.9667,-102.2523,97.7371,27.1267,-73.6302,1.4070,-7.9667,-80.0220,97.5604,27.1267,-73.6302,1.4070,500,-900,1050,0,-50,0,0
272,1786708682.7791,1786708682.784,0.03335,-8.5275,-72.2198,90.2857,24.9670,-73.4505,1.8519,-6.8298,-102.2193,97.6789,28.8083,-72.9535,1.3193,-6.8298,-82.6593,97.6789,28.8083,-72.9535,1.3193,100,-850,1100,150,-50,0,0
273,1786708682.8125,1786708682.8171,0.03343,-8.8791,-75.0330,93.3626,26.1099,-73.4505,1.8519,-6.8343,-103.6798,98.5195,32.7771,-73.4644,1.3791,-6.8343,-85.4725,98.5195,32.7771,-73.4644,1.3791,-50,-950,1050,350,0,0,0
274,1786708682.8459,1786708682.8503,0.03339,-8.4396,-77.4945,95.2967,27.2527,-73.2747,1.8519,-7.2755,-103.6999,98.3492,36.2495,-74.7613,1.2663,-7.2755,-87.7582,98.3492,36.2495,-74.7613,1.2663,150,-850,500,300,50,0,0
275,1786708682.8793,1786708682.8841,0.0334,-7.4725,-80.3956,96.0879,29.0989,-73.4505,1.8519,-7.6342,-104.5666,98.6320,41.0762,-76.0235,1.3817,-7.6342,-91.0110,98.6320,39.3626,-76.0235,1.3817,300,-900,300,600,-50,0,0
276,1786708682.9127,1786708682.9175,0.03336,-7.5604,-83.4725,96.6154,31.6484,-73.8901,1.8519,-7.1855,-103.1580,98.4612,44.1309,-76.0997,1.4407,-7.1855,-93.9121,98.4612,42.0879,-76.0997,1.4407,50,-1200,200,850,-50,0,0
277,1786708682.9461,1786708682.9517,0.03344,-8.0000,-86.0220,96.9670,34.5495,-74.6813,1.8519,-6.7237,-103.1032,98.4861,44.3793,-74.9936,1.4595,-6.7237,-96.2857,98.4861,44.3793,-74.9936,1.4595,-200,-900,100,950,-250,0,0
278,1786708682.9795,1786708682.9844,0.03335,-7.5604,-88.7473,97.0549,37.4505,-75.2967,1.8519,-6.4588,-101.5898,98.9514,42.7995,-73.6834,1.4837,-6.4588,-99.0989,98.9514,42.7995,-73.6834,1.4837,200,-1000,50,1000,-250,0,0
279,1786708683.0129,1786708683.0176,0.0334,-7.0330,-91.2967,97.1429,40.0879,-75.1209,1.8519,-6.7071,-101.3302,99.2584,42.2418,-73.0887,1.4137,-6.7071,-101.3302,99.2584,42.2418,-73.0887,1.4137,250,-900,0,900,-50,0,0
280,1786708683.0463,1786708683.0509,0.03338,-7.0330,-94.1978,97.1429,41.6703,-74.5055,1.8519,-5.8247,-100.8170,99.0829,44.3646,-73.5347,1.3729,-5.8247,-100.8170,99.0829,44.3646,-73.5347,1.3729,0,-1000,0,400,200,0,0
281,1786708683.0796,1786708683.0843,0.03339,-7.2088,-96.8352,97.1429,41.7582,-73.8901,1.8519,-5.8948,-99.6230,98.5327,47.5593,-73.9265,1.4793,-5.8948,-99.6230,98.5327,47.5593,-73.9265,1.4793,-50,-850,0,50,150,0,0
282,1786708683.113,1786708683.1174,0.03335,-7.0330,-98.7692,97.1429,42.0220,-73.8901,1.8519,-3.8399,-98.8253,98.4210,51.9462,-74.5930,1.4264,-3.8399,-98.8253,98.4210,51.9462,-74.5930,1.4264,0,-600,0,100,50,0,0
283,1786708683.1465,1786708683.1511,0.03346,-6.5055,-98.7692,97.1429,43.5165,-73.8901,1.8519,-3.0741,-99.6009,97.5493,59.7808,-75.3279,1.4430,-3.0741,-99.6009,97.5493,53.8681,-75.3279,1.4430,150,-50,0,600,0,0,0
284,1786708683.1798,1786708683.1846,0.03338,-5.8022,-98.3297,97.1429,46.4176,-74.2418,1.8519,-4.0026,-100.6011,96.8694,66.0770,-74.8280,1.4749,-4.0026,-100.6011,96.8694,56.7692,-74.8280,1.4749,300,200,0,900,-150,0,0
285,1786708683.2132,1786708683.2181,0.03342,-4.8352,-98.4176,97.0549,49.4066,-74.5934,1.8519,-1.6876,-99.7733,97.1409,68.4496,-75.6110,1.5654,-1.6876,-99.7733,97.1409,59.8462,-75.6110,1.5654,250,-100,0,1050,-100,0,0
286,1786708683.2466,1786708683.2511,0.03337,-4.1319,-99.2088,96.9670,52.2198,-74.8571,1.8519,-1.5501,-99.3667,96.0725,73.8225,-75.3135,1.5852,-1.5501,-99.3667,96.0725,62.4835,-75.3135,1.5852,350,-200,0,900,-100,0,0
287,1786708683.28,1786708683.2851,0.03342,-4.3956,-99.8242,96.8791,54.9451,-74.9451,1.8519,-3.1854,-101.3330,97.6582,77.3443,-76.2231,1.4567,-3.1854,-101.3330,97.6582,65.2967,-76.2231,1.4567,-150,-250,-50,900,-50,0,0
288,1786708683.3134,1786708683.3182,0.0334,-3.1648,-99.4725,96.7033,57.7582,-75.0330,1.8519,-4.0207,-100.6932,97.1353,78.4267,-77.6853,1.4545,-4.0207,-100.6932,97.1353,68.1978,-77.6853,1.4545,400,150,-50,950,-50,0,0
289,1786708683.3468,1786708683.3516,0.03339,-2.6374,-99.3846,96.7033,60.7473,-75.7363,1.8519,-2.4496,-100.5987,96.6516,78.7994,-77.5107,1.4363,-2.4496,-100.5987,96.6516,71.0989,-77.5107,1.4363,300,100,50,950,-300,0,0
290,1786708683.3802,1786708683.3851,0.03341,-3.7802,-100.1758,96.7912,63.5604,-76.3516,1.8519,-1.9366,-100.6929,97.6855,79.1788,-77.0691,1.3720,-1.9366,-100.6929,97.6855,74.0000,-77.0691,1.3720,-450,-300,0,950,-250,0,0
291,1786708683.4136,1786708683.4183,0.03336,-3.5165,-100.5275,96.7033,66.2857,-76.7912,1.8519,0.1914,-100.5898,97.3519,78.9976,-77.4389,1.1695,0.1914,-100.5898,97.3519,76.7253,-77.4389,1.1695,200,0,0,950,-150,0,0
292,1786708683.447,1786708683.4517,0.03337,-2.2857,-100.4396,96.7912,69.1868,-76.9670,1.8519,3.6361,-100.0746,97.3347,79.8016,-78.9548,1.3292,3.6361,-100.0746,97.3347,79.6264,-78.9548,1.3292,500,50,0,950,0,0,0
293,1786708683.4803,1786708683.4849,0.03338,-2.0220,-100.0879,96.7912,72.0879,-77.0549,1.8519,4.2484,-101.0041,97.1734,80.0645,-78.6409,1.1980,4.2484,-101.0041,97.1734,80.0645,-78.6409,1.1980,100,150,0,950,-50,0,0
294,1786708683.5137,1786708683.518,0.0334,-0.3516,-99.9121,96.7912,74.7253,-77.4945,1.8519,0.5657,-99.3950,96.7592,80.2571,-78.0334,1.1789,0.5657,-99.3950,96.7592,80.2571,-78.0334,1.1789,700,50,0,900,-250,0,0
295,1786708683.5472,1786708683.5518,0.03343,2.1099,-100.0879,96.7912,76.9231,-78.1978,1.8519,0.2115,-99.1512,97.1515,79.5919,-78.9478,1.2956,0.2115,-99.1512,97.1515,79.5919,-78.9478,1.2956,900,-100,0,650,-350,0,0
296,1786708683.5806,1786708683.5853,0.0334,2.1099,-100.4396,96.7912,77.8901,-78.0220,1.8519,0.4708,-100.4747,96.3410,80.1308,-78.8703,1.2066,0.4708,-100.4747,96.3410,80.1308,-78.8703,1.2066,50,-100,0,300,100,0,0
297,1786708683.614,1786708683.6183,0.03344,0.8791,-100.0879,96.7912,78.3297,-78.1099,1.8519,0.7859,-99.6665,96.1310,79.8159,-78.6102,1.1946,0.7859,-99.6665,96.1310,79.8159,-78.6102,1.1946,-350,150,0,150,-50,0,0
298,1786708683.6474,1786708683.6519,0.03334,0.7033,-100.2637,96.7033,78.9451,-78.4615,1.8519,2.0936,-99.3410,96.1325,79.9375,-78.0641,1.2746,2.0936,-99.3410,96.1325,79.9375,-78.0641,1.2746,-150,-100,0,200,-100,0,0
299,1786708683.6807,1786708683.6853,0.03337,0.8791,-100.2637,96.5275,79.2088,-78.6374,1.8519,0.7256,-99.7269,96.3054,79.4711,-78.1781,1.2818,0.7256,-99.7269,96.3054,79.4711,-78.1781,1.2818,100,-50,-50,100,-50,0,0
300,1786708683.7141,1786708683.8283,0.0334,1.0549,-100.0000,96.5275,79.3846,-78.4615,1.8519,1.4851,-99.9637,97.3778,78.9940,-78.0903,0.9292,1.4851,-99.9637,97.3778,78.9940,-78.0903,0.9292,50,150,0,50,100,0,1
301,1786708683.8295,1786708683.8345,0.11534,0.7033,-100.0000,96.5275,79.3846,-78.3736,1.8519,1.2976,-99.7566,97.3227,78.6273,-78.0934,0.8895,1.2976,-99.7566,97.3227,78.6273,-78.0934,0.8895,-50,0,0,0,0,0,1
302,1786708683.8628,1786708683.8675,0.03338,0.7033,-100.0000,96.5275,79.3846,-78.4615,1.8519,1.4299,-99.9966,97.1644,79.0955,-78.5077,1.0774,1.4299,-99.9966,97.1644,79.0955,-78.5077,1.0774,0,0,0,0,0,0,0
303,1786708683.8962,1786708683.9009,0.03338,0.8791,-99.9121,96.6154,79.2088,-78.4615,1.7196,1.5007,-99.3036,96.9277,79.3557,-78.1246,1.0829,1.5007,-99.3036,96.9277,79.3557,-78.1246,1.0829,50,0,0,-50,0,-50,0
304,1786708683.9296,1786708683.9339,0.03339,0.9670,-99.9121,96.7033,79.2088,-78.5495,1.6534,1.2839,-99.1804,98.1029,78.8250,-78.1180,0.9538,1.2839,-99.1804,98.1029,78.8250,-78.1180,0.9538,50,0,50,0,-50,-50,0
305,1786708683.963,1786708683.9675,0.0334,1.0549,-99.9121,96.7033,79.2088,-78.4615,1.6534,1.8475,-98.9757,97.0760,78.7293,-78.0013,1.0145,1.8475,-98.9757,97.0760,78.7293,-78.0013,1.0145,50,0,0,0,50,0,0
306,1786708683.9964,1786708684.0013,0.03338,1.1429,-99.9121,96.8791,79.2088,-78.4615,1.6534,1.4908,-99.5374,97.2626,79.0803,-78.5926,0.9841,1.4908,-99.5374,97.2626,79.0803,-78.5926,0.9841,50,0,100,0,0,0,0
307,1786708684.0299,1786708684.0345,0.03346,1.2308,-99.6484,96.8791,79.2088,-78.4615,1.6534,1.4671,-99.2248,97.4119,78.5550,-78.5965,0.9787,1.4671,-99.2248,97.4119,78.5550,-78.5965,0.9787,0,100,0,0,0,0,0
308,1786708684.0632,1786708684.0678,0.03336,1.2308,-99.6484,96.8791,79.2088,-78.5495,1.6534,1.6954,-98.9340,97.3875,79.0182,-78.9151,1.0815,1.6954,-98.9340,97.3875,79.0182,-78.9151,1.0815,50,0,0,0,-50,0,0
309,1786708684.0966,1786708684.1012,0.03336,1.2308,-99.6484,96.8791,79.1209,-78.5495,1.6534,1.3897,-98.9681,97.3586,78.2013,-78.5258,1.0572,1.3897,-98.9681,97.3586,78.2013,-78.5258,1.0572,0,0,0,0,0,0,0
310,1786708684.13,1786708684.1346,0.03339,1.2308,-99.5604,96.8791,79.1209,-78.5495,1.6534,1.1586,-98.7602,96.9381,79.0191,-78.0578,0.9714,1.1586,-98.7602,96.9381,79.0191,-78.0578,0.9714,0,50,0,0,0,0,0
311,1786708684.1634,1786708684.1679,0.03342,1.2308,-99.4725,96.8791,78.9451,-78.5495,1.6534,1.2522,-98.9593,97.3854,78.7491,-78.8896,1.0501,1.2522,-98.9593,97.3854,78.7491,-78.8896,1.0501,0,0,0,-50,0,0,0
312,1786708684.1968,1786708684.2011,0.03343,1.2308,-99.4725,96.8791,79.0330,-78.5495,1.6534,0.8827,-99.3223,96.6547,78.8214,-78.8790,1.0562,0.8827,-99.3223,96.6547,78.8214,-78.8790,1.0562,0,0,0,50,0,0,0
313,1786708684.2302,1786708684.2351,0.03339,1.2308,-99.4725,96.8791,79.0330,-78.6374,1.6534,0.8938,-99.0878,97.6794,78.9080,-78.3591,0.9975,0.8938,-99.0878,97.6794,78.9080,-78.3591,0.9975,0,0,0,0,-50,0,0
314,1786708684.2636,1786708684.2678,0.03336,1.2308,-99.4725,96.7912,79.0330,-78.7253,1.6534,1.3256,-99.1137,97.3056,78.9417,-78.4882,0.9113,1.3256,-99.1137,97.3056,78.9417,-78.4882,0.9113,0,0,-50,0,-50,0,0
315,1786708684.297,1786708684.3014,0.0334,1.2308,-99.4725,96.8791,79.0330,-78.7253,1.6534,1.2558,-99.4298,97.1756,79.3461,-78.3548,0.8667,1.2558,-99.4298,97.1756,79.3461,-78.3548,0.8667,0,0,50,0,0,0,0
316,1786708684.3303,1786708684.3349,0.03337,1.2308,-99.4725,96.8791,79.0330,-78.7253,1.6534,1.3020,-99.7086,97.4278,79.4858,-78.3929,0.9078,1.3020,-99.7086,97.4278,79.4858,-78.3929,0.9078,0,0,0,0,0,0,0
317,1786708684.3637,1786708684.3683,0.03337,1.2308,-99.4725,96.8791,79.0330,-78.7253,1.6534,1.1288,-99.7115,96.8598,79.1455,-78.9642,1.0346,1.1288,-99.7115,96.8598,79.1455,-78.9642,1.0346,0,0,0,0,0,0,0
318,1786708684.3971,1786708684.4016,0.03338,1.2308,-99.4725,96.8791,79.0330,-78.7253,1.6534,1.3533,-99.7396,97.6363,79.2607,-78.6581,0.9004,1.3533,-99.7396,97.6363,79.2607,-78.6581,0.9004,0,0,0,0,0,0,0
319,1786708684.4305,1786708684.4354,0.03346,1.2308,-99.4725,96.8791,79.0330,-78.7253,1.6534,1.2107,-99.9498,97.4394,78.6066,-78.7647,0.9480,1.2107,-99.9498,97.4394,78.6066,-78.7647,0.9480,0,0,0,0,0,0,0
320,1786708684.464,1786708684.4686,0.03342,1.2308,-99.4725,96.8791,79.0330,-78.7253,1.6534,0.9660,-100.2607,97.3100,79.2439,-78.9897,0.9021,0.9660,-100.2607,97.3100,79.2439,-78.9897,0.9021,0,0,0,0,0,0,0
321,1786708684.4973,1786708684.5019,0.03335,1.2308,-99.4725,96.8791,79.0330,-78.7253,1.6534,1.3615,-100.0252,96.9871,79.2679,-78.9681,0.9859,1.3615,-100.0252,96.9871,79.2679,-78.9681,0.9859,0,0,0,0,0,0,0
322,1786708684.5307,1786708684.5353,0.03341,1.2308,-99.4725,96.8791,79.0330,-78.7253,1.6534,1.3327,-99.7500,97.1264,78.9592,-78.7497,0.8497,1.3327,-99.7500,97.1264,78.9592,-78.7497,0.8497,0,0,0,0,0,0,0
323,1786708684.5641,1786708684.5688,0.03339,1.2308,-99.6484,96.8791,79.0330,-78.7253,1.5873,1.3835,-99.5635,97.2552,79.3208,-78.7542,0.8768,1.3835,-99.5635,97.2552,79.3208,-78.7542,0.8768,0,-100,0,0,0,0,0
324,1786708684.5975,1786708684.6018,0.03338,1.2308,-99.6484,96.8791,79.0330,-78.7253,1.5873,1.7363,-100.5173,97.4251,79.0344,-79.1044,0.9360,1.7363,-100.5173,97.4251,79.0344,-79.1044,0.9360,0,0,0,0,0,0,0
325,1786708684.6309,1786708684.6354,0.03345,1.2308,-99.6484,96.8791,79.0330,-78.7253,1.5873,1.4712,-100.0054,97.1513,79.8217,-79.0073,0.9192,1.4712,-100.0054,97.1513,79.8217,-79.0073,0.9192,0,0,0,0,0,0,0
326,1786708684.6643,1786708684.669,0.03337,1.2308,-99.7363,96.8791,79.0330,-78.7253,1.5873,1.6406,-100.0091,97.4395,79.5348,-78.7760,0.8380,1.6406,-100.0091,97.4395,79.5348,-78.7760,0.8380,0,-50,0,0,0,0,0
327,1786708684.6977,1786708684.7023,0.03341,1.2308,-99.8242,96.8791,79.2088,-78.7253,1.5873,1.4840,-99.4229,97.1549,79.5618,-78.6747,0.8768,1.4840,-99.4229,97.1549,79.5618,-78.6747,0.8768,0,-50,0,50,0,0,0
328,1786708684.7311,1786708684.7356,0.03337,1.2308,-99.9121,96.8791,79.2088,-78.7253,1.5873,1.2001,-99.5542,97.3801,79.4810,-78.8164,0.8376,1.2001,-99.5542,97.3801,79.4810,-78.8164,0.8376,0,0,0,0,0,0,0
329,1786708684.7645,1786708684.7687,0.03342,1.2308,-99.9121,96.8791,79.2967,-78.7253,1.5873,0.9178,-99.6245,97.2361,78.7831,-79.0029,0.8940,0.9178,-99.6245,97.2361,78.7831,-79.0029,0.8940,0,0,0,50,0,0,0
330,1786708684.7979,1786708684.8024,0.03341,1.2308,-99.9121,96.8791,79.2967,-78.7253,1.5873,1.1635,-98.7216,96.6328,79.0930,-78.7951,0.9861,1.1635,-98.7216,96.6328,79.0930,-78.7951,0.9861,0,0,0,0,0,0,0
331,1786708684.8313,1786708684.8359,0.03341,1.2308,-99.9121,96.8791,79.2967,-78.7253,1.5873,0.9478,-100.0757,97.4117,78.9433,-78.8673,0.8008,0.9478,-100.0757,97.4117,78.9433,-78.8673,0.8008,0,0,0,0,0,0,0
332,1786708684.8647,1786708684.8696,0.0334,1.2308,-99.9121,96.8791,79.2967,-78.7253,1.5873,0.9306,-99.8206,97.3160,78.7457,-78.6630,0.8770,0.9306,-99.8206,97.3160,78.7457,-78.6630,0.8770,0,0,0,0,0,0,0
333,1786708684.8981,1786708684.9028,0.03336,1.2308,-99.9121,96.8791,79.2967,-78.7253,1.5873,0.8354,-99.8850,97.1779,78.7632,-78.6065,0.8600,0.8354,-99.8850,97.1779,78.7632,-78.6065,0.8600,0,0,0,0,0,0,0
334,1786708684.9315,1786708684.9358,0.0334,1.2308,-99.9121,96.8791,79.1209,-78.7253,1.5873,0.8678,-99.5024,97.9019,78.7183,-78.9746,0.8418,0.8678,-99.5024,97.9019,78.7183,-78.9746,0.8418,0,0,0,-50,0,0,0
335,1786708684.9649,1786708684.9695,0.03342,1.2308,-99.9121,96.8791,79.1209,-78.7253,1.5873,0.7495,-99.4728,97.2090,79.2513,-79.4954,0.8676,0.7495,-99.4728,97.2090,79.2513,-79.4954,0.8676,0,0,0,0,0,0,0
336,1786708684.9982,1786708685.0025,0.03332,1.2308,-99.8242,96.8791,79.1209,-78.7253,1.5873,1.1735,-99.5186,97.5237,78.8962,-78.3751,1.0104,1.1735,-99.5186,97.5237,78.8962,-78.3751,1.0104,0,0,0,0,0,0,0
337,1786708685.0317,1786708685.0359,0.03347,1.2308,-99.8242,96.8791,79.2088,-78.9011,1.5873,1.1139,-99.1412,96.8897,79.0941,-79.0816,0.8626,1.1139,-99.1412,96.8897,79.0941,-79.0816,0.8626,0,0,0,50,-100,0,0
338,1786708685.0651,1786708685.0696,0.03336,1.2308,-99.8242,96.8791,79.2088,-78.8132,1.5873,0.8907,-98.9041,96.8846,78.7768,-78.8073,0.8415,0.8907,-98.9041,96.8846,78.7768,-78.8073,0.8415,0,0,0,0,0,0,0
339,1786708685.0985,1786708685.1033,0.03343,1.2308,-99.8242,96.8791,79.2088,-78.8132,1.5873,1.2513,-98.6431,96.6622,78.6421,-78.9743,0.9076,1.2513,-98.6431,96.6622,78.6421,-78.9743,0.9076,0,0,0,0,0,0,0
340,1786708685.1318,1786708685.136,0.03331,1.2308,-99.7363,96.8791,79.2088,-78.7253,1.5873,1.0128,-99.5482,97.1355,79.0417,-78.9702,0.7729,1.0128,-99.5482,97.1355,79.0417,-78.9702,0.7729,0,0,0,0,0,0,0
341,1786708685.1652,1786708685.1698,0.03343,1.2308,-99.4725,96.7912,79.2088,-78.7253,1.5873,0.8588,-99.5118,96.9890,78.9356,-78.9893,0.7294,0.8588,-99.5118,96.9890,78.9356,-78.9893,0.7294,0,50,-50,0,0,0,0
342,1786708685.1987,1786708685.2033,0.03343,1.2308,-99.4725,96.7912,79.2088,-78.7253,1.5873,0.9405,-99.9311,97.5426,78.9496,-78.6616,0.7700,0.9405,-99.9311,97.5426,78.9496,-78.6616,0.7700,0,0,0,0,0,0,0
343,1786708685.232,1786708685.2361,0.03331,1.2308,-99.4725,96.7912,79.2088,-78.7253,1.5873,0.8428,-99.2806,96.6803,79.3343,-78.8271,0.8760,0.8428,-99.2806,96.6803,79.3343,-78.8271,0.8760,0,0,0,0,0,0,0
344,1786708685.2654,1786708685.27,0.03345,1.2308,-99.4725,96.7912,79.2088,-78.7253,1.5873,0.6198,-99.6242,97.4927,78.8712,-78.8090,0.8833,0.6198,-99.6242,97.4927,78.8712,-78.8090,0.8833,0,0,0,0,0,0,0
345,1786708685.2988,1786708685.3036,0.03338,1.2308,-99.4725,96.7912,79.2088,-78.7253,1.5873,0.7574,-99.2374,96.7883,78.9328,-78.5880,0.8792,0.7574,-99.2374,96.7883,78.9328,-78.5880,0.8792,0,0,0,0,0,0,0
346,1786708685.3322,1786708685.3368,0.0334,1.2308,-99.4725,96.7912,79.2088,-78.7253,1.5873,0.5235,-99.4213,96.8721,78.8412,-78.7477,0.8190,0.5235,-99.4213,96.8721,78.8412,-78.7477,0.8190,0,0,0,0,0,0,0
347,1786708685.3656,1786708685.3701,0.03336,1.2308,-99.4725,96.7912,79.2088,-78.7253,1.5873,0.8247,-99.1234,96.8091,78.5270,-78.9186,0.8006,0.8247,-99.1234,96.8091,78.5270,-78.9186,0.8006,0,0,0,0,0,0,0
348,1786708685.399,1786708685.4032,0.03337,1.2308,-99.4725,96.7912,79.2088,-78.7253,1.5873,0.4055,-98.9589,96.7399,79.0132,-78.8124,0.8371,0.4055,-98.9589,96.7399,79.0132,-78.8124,0.8371,0,0,0,0,0,0,0
349,1786708685.4324,1786708685.4369,0.03343,1.2308,-99.4725,96.7912,79.2088,-78.7253,1.5873,0.9597,-99.6816,97.1407,78.9212,-78.6148,0.8001,0.9597,-99.6816,97.1407,78.9212,-78.6148,0.8001,0,0,0,0,0,0,0
350,1786708685.4659,1786708685.5815,0.03346,1.0549,-99.4725,96.7912,79.2088,-78.7253,1.5873,1.5320,-98.7593,97.9558,78.7728,-78.4663,0.7389,1.5320,-98.7593,97.9558,78.7728,-78.4663,0.7389,-50,0,0,0,0,0,1
351,1786708685.5826,1786708685.5877,0.11676,0.7912,-99.4725,96.7912,79.2088,-78.7253,1.5873,1.4369,-99.0690,97.3089,79.0638,-78.3070,0.8152,1.4369,-99.0690,97.3089,79.0638,-78.3070,0.8152,0,0,0,0,0,0,1
352,1786708685.6159,1786708685.6208,0.03332,0.7912,-99.4725,96.7912,79.2088,-78.7253,1.5873,1.1816,-99.1637,97.6320,78.6817,-78.2087,0.6592,1.1816,-99.1637,97.6320,78.6817,-78.2087,0.6592,0,0,0,0,0,0,0
353,1786708685.6493,1786708685.6535,0.03336,0.9670,-99.4725,96.7912,79.2088,-78.7253,1.5873,1.8989,-98.8145,97.1227,78.8450,-78.7987,0.7582,1.8989,-98.8145,97.1227,78.8450,-78.7987,0.7582,50,0,0,0,0,0,0
354,1786708685.6827,1786708685.6869,0.03343,1.0549,-99.4725,96.7912,79.2088,-78.7253,1.5212,1.5564,-99.3639,97.5041,78.6093,-78.4093,0.7787,1.5564,-99.3639,97.5041,78.6093,-78.4093,0.7787,50,0,0,0,0,0,0
355,1786708685.7161,1786708685.7208,0.03337,1.0549,-99.4725,96.7912,79.1209,-78.7253,1.5212,1.9995,-99.2562,97.2838,78.3130,-78.1995,0.8903,1.9995,-99.2562,97.2838,78.3130,-78.1995,0.8903,0,0,0,-50,0,0,0
356,1786708685.7495,1786708685.7541,0.0334,1.0549,-99.4725,96.7912,79.1209,-78.7253,1.5212,1.5245,-99.2273,97.4360,78.3590,-78.0589,0.7150,1.5245,-99.2273,97.4360,78.3590,-78.0589,0.7150,0,0,0,0,0,0,0
357,1786708685.7829,1786708685.7875,0.03343,1.3187,-99.4725,96.7912,79.1209,-78.7253,1.5212,1.7375,-98.2746,96.5235,77.8403,-77.9821,0.8855,1.7375,-98.2746,96.5235,77.8403,-77.9821,0.8855,100,0,0,0,0,0,0
358,1786708685.8163,1786708685.8208,0.03338,1.6703,-99.4725,96.7912,79.1209,-78.5495,1.5212,1.3122,-99.2365,97.6261,78.3526,-78.6075,0.8063,1.3122,-99.2365,97.6261,78.3526,-78.6075,0.8063,50,0,0,0,50,0,0
359,1786708685.8497,1786708685.8543,0.03336,1.6703,-99.2967,96.7912,78.7692,-78.4615,1.4550,1.2682,-98.3632,96.6734,77.9819,-78.4333,0.9294,1.2682,-98.3632,96.6734,77.9819,-78.4333,0.9294,0,50,0,-150,50,-50,0
360,1786708685.8831,1786708685.8873,0.03341,1.6703,-99.2088,96.7912,78.7692,-78.5495,1.4550,1.2876,-99.0071,97.3106,78.1475,-78.7745,0.7136,1.2876,-99.0071,97.3106,78.1475,-78.7745,0.7136,0,50,0,0,0,0,0
361,1786708685.9165,1786708685.9208,0.03339,1.6703,-99.1209,96.7912,78.5934,-78.5495,1.4550,1.4028,-99.3627,97.1933,78.0893,-78.7972,0.8481,1.4028,-99.3627,97.1933,78.0893,-78.7972,0.8481,0,0,0,-50,0,0,0
362,1786708685.9499,1786708685.9541,0.0334,1.6703,-99.1209,96.7912,78.5934,-78.5495,1.4550,1.3226,-98.6880,97.3396,78.8126,-78.9927,0.6499,1.3226,-98.6880,97.3396,78.8126,-78.9927,0.6499,0,50,0,0,0,0,0
363,1786708685.9833,1786708685.9879,0.0334,1.6703,-99.1209,96.7912,78.5934,-78.5495,1.4550,1.4391,-98.9770,96.7988,78.1690,-78.3772,0.8337,1.4391,-98.9770,96.7988,78.1690,-78.3772,0.8337,0,0,0,0,0,0,0
364,1786708686.0167,1786708686.0213,0.03345,1.6703,-99.1209,96.7912,78.6813,-78.6374,1.4550,1.2381,-99.4666,97.5254,78.5208,-79.0097,0.7542,1.2381,-99.4666,97.5254,78.5208,-79.0097,0.7542,0,0,0,50,-50,0,0
365,1786708686.0501,1786708686.0546,0.03337,1.6703,-99.1209,96.7912,78.5934,-78.6374,1.4550,1.2453,-99.0961,97.1122,78.5955,-78.9769,0.6062,1.2453,-99.0961,97.1122,78.5955,-78.9769,0.6062,0,0,0,-50,0,0,0
366,1786708686.0834,1786708686.0879,0.03335,1.6703,-99.1209,96.7912,78.6813,-78.7253,1.4550,1.2478,-98.9747,96.7090,78.4707,-78.9934,0.7534,1.2478,-98.9747,96.7090,78.4707,-78.9934,0.7534,0,0,0,50,0,0,0
367,1786708686.1168,1786708686.121,0.03339,1.6703,-99.1209,96.7912,78.6813,-78.8132,1.4550,1.3005,-99.0747,97.3169,78.4812,-78.9956,0.7265,1.3005,-99.0747,97.3169,78.4812,-78.9956,0.7265,0,0,0,0,-50,0,0
368,1786708686.1502,1786708686.1551,0.03342,1.6703,-99.1209,96.7912,78.6813,-78.8132,1.4550,1.3113,-99.4969,97.1314,78.5150,-78.7182,0.6080,1.3113,-99.4969,97.1314,78.5150,-78.7182,0.6080,0,0,0,0,0,0,0
369,1786708686.1837,1786708686.1883,0.03343,1.6703,-99.1209,96.7912,78.6813,-78.8132,1.4550,1.2598,-98.8820,97.3352,78.7771,-78.7380,0.6513,1.2598,-98.8820,97.3352,78.7771,-78.7380,0.6513,0,0,0,0,0,0,0
370,1786708686.217,1786708686.2217,0.03335,1.6703,-99.1209,96.7912,78.6813,-78.7253,1.4550,1.0079,-98.6591,97.0233,78.6392,-78.7128,0.8186,1.0079,-98.6591,97.0233,78.6392,-78.7128,0.8186,0,0,0,0,50,0,0
371,1786708686.2504,1786708686.2546,0.03335,1.6703,-99.1209,96.7912,78.6813,-78.7253,1.4550,1.2412,-99.3339,97.2704,78.6674,-78.8723,0.7247,1.2412,-99.3339,97.2704,78.6674,-78.8723,0.7247,0,0,0,0,0,0,0
372,1786708686.2838,1786708686.2879,0.03342,1.5824,-99.1209,96.7912,78.6813,-78.7253,1.4550,0.9234,-99.0409,97.5374,78.0413,-79.3532,0.8325,0.9234,-99.0409,97.5374,78.0413,-79.3532,0.8325,0,0,0,0,0,0,0
373,1786708686.3172,1786708686.3214,0.03342,1.4945,-99.1209,96.7912,78.6813,-78.7253,1.4550,1.0546,-98.8232,96.9729,78.8564,-78.6805,0.7095,1.0546,-98.8232,96.9729,78.8564,-78.6805,0.7095,-50,0,0,0,0,0,0
374,1786708686.3506,1786708686.3549,0.03335,1.4066,-99.1209,96.7912,78.5934,-78.9011,1.4550,1.7928,-98.6356,96.5862,78.6862,-78.6688,0.8023,1.7928,-98.6356,96.5862,78.6862,-78.6688,0.8023,-50,0,0,0,-50,0,0
375,1786708686.384,1786708686.3883,0.03341,1.3187,-99.1209,96.7912,78.6813,-78.9011,1.4550,1.4867,-98.3432,96.9260,79.1064,-78.8282,0.7064,1.4867,-98.3432,96.9260,79.1064,-78.8282,0.7064,0,0,0,50,0,0,0
376,1786708686.4174,1786708686.422,0.03337,1.3187,-99.1209,96.7912,78.6813,-78.9011,1.4550,1.0442,-99.2359,97.2063,79.3445,-78.9969,0.6960,1.0442,-99.2359,97.2063,79.3445,-78.9969,0.6960,0,0,0,0,0,0,0
377,1786708686.4507,1786708686.4553,0.03336,1.3187,-99.0330,96.7912,78.7692,-78.9011,1.4550,1.2544,-99.3041,97.2179,79.1281,-79.2882,0.6334,1.2544,-99.3041,97.2179,79.1281,-79.2882,0.6334,0,50,0,50,0,0,0
378,1786708686.4841,1786708686.4886,0.03336,1.3187,-99.0330,96.7912,78.8571,-78.9011,1.4550,1.2298,-98.6531,96.8760,78.8784,-79.0806,0.6973,1.2298,-98.6531,96.8760,78.8784,-79.0806,0.6973,0,0,0,0,0,0,0
379,1786708686.5175,1786708686.522,0.0334,1.3187,-99.0330,96.7912,78.8571,-78.9011,1.4550,0.8551,-99.5338,97.3491,78.8893,-79.1687,0.6042,0.8551,-99.5338,97.3491,78.8893,-79.1687,0.6042,0,0,0,0,0,0,0
380,1786708686.5509,1786708686.555,0.0334,1.3187,-99.0330,96.7912,78.8571,-78.9011,1.4550,1.4610,-98.8718,96.4429,78.7357,-78.8166,0.7150,1.4610,-98.8718,96.4429,78.7357,-78.8166,0.7150,0,0,0,0,0,0,0
381,1786708686.5843,1786708686.5891,0.03339,1.3187,-99.1209,96.7912,78.8571,-78.9011,1.4550,1.2021,-99.2334,96.9209,78.8458,-78.9949,0.6274,1.2021,-99.2334,96.9209,78.8458,-78.9949,0.6274,0,-50,0,0,0,0,0
382,1786708686.6177,1786708686.6222,0.0334,1.3187,-99.1209,96.7912,78.8571,-78.9011,1.4550,1.1555,-99.4579,97.5901,78.9596,-78.9019,0.5652,1.1555,-99.4579,97.5901,78.9596,-78.9019,0.5652,0,0,0,0,0,0,0
383,1786708686.6511,1786708686.6553,0.0334,1.3187,-99.1209,96.7912,78.8571,-78.9011,1.4550,0.9205,-99.2381,97.0834,78.7409,-79.2730,0.5965,0.9205,-99.2381,97.0834,78.7409,-79.2730,0.5965,0,0,0,0,0,0,0
384,1786708686.6845,1786708686.6888,0.03339,1.3187,-99.1209,96.7912,78.8571,-78.9011,1.4550,1.0997,-99.3724,97.3337,78.6225,-78.9886,0.6606,1.0997,-99.3724,97.3337,78.6225,-78.9886,0.6606,0,0,0,0,0,0,0
385,1786708686.7178,1786708686.722,0.03336,1.3187,-99.1209,96.7912,78.8571,-78.9011,1.4550,0.7629,-98.6747,97.0181,78.9497,-79.0992,0.7559,0.7629,-98.6747,97.0181,78.9497,-79.0992,0.7559,0,0,0,0,0,0,0
386,1786708686.7512,1786708686.7558,0.0334,1.3187,-99.1209,96.7912,78.8571,-78.9011,1.4550,1.2469,-98.9912,96.8170,79.1380,-79.4068,0.6111,1.2469,-98.9912,96.8170,79.1380,-79.4068,0.6111,0,0,0,0,0,0,0
387,1786708686.7847,1786708686.7895,0.03344,1.3187,-99.1209,96.7912,78.8571,-78.9011,1.4550,0.8431,-98.6342,96.7448,78.6377,-79.0899,0.5804,0.8431,-98.6342,96.7448,78.6377,-79.0899,0.5804,0,0,0,0,0,0,0
388,1786708686.818,1786708686.8226,0.03334,1.3187,-99.1209,96.7912,78.8571,-78.9011,1.4550,1.2563,-98.9107,96.9189,78.5741,-79.0107,0.5670,1.2563,-98.9107,96.9189,78.5741,-79.0107,0.5670,0,0,0,0,0,0,0
389,1786708686.8514,1786708686.8559,0.03337,1.3187,-99.1209,96.7912,78.8571,-78.9011,1.4550,1.0107,-99.1534,96.9958,78.5203,-79.1191,0.6048,1.0107,-99.1534,96.9958,78.5203,-79.1191,0.6048,0,0,0,0,0,0,0
390,1786708686.8848,1786708686.8894,0.03341,1.3187,-99.1209,96.7912,78.8571,-78.9890,1.4550,1.0078,-98.6564,96.8766,78.8590,-78.8801,0.6676,1.0078,-98.6564,96.8766,78.8590,-78.8801,0.6676,0,0,0,0,0,0,0
391,1786708686.9182,1786708686.9224,0.03337,1.3187,-99.1209,96.7912,78.8571,-78.9890,1.4550,1.0333,-98.8606,97.0087,78.7939,-79.3244,0.5629,1.0333,-98.8606,97.0087,78.7939,-79.3244,0.5629,0,0,0,0,0,0,0
392,1786708686.9516,1786708686.9559,0.03344,1.3187,-99.1209,96.7912,78.8571,-78.9890,1.4550,1.0059,-98.9643,96.9586,78.5186,-79.3323,0.5601,1.0059,-98.9643,96.9586,78.5186,-79.3323,0.5601,0,0,0,0,0,0,0
393,1786708686.9849,1786708686.9891,0.03335,1.3187,-99.1209,96.7912,78.8571,-79.0769,1.4550,1.4955,-98.8792,96.8458,79.1327,-79.1142,0.5697,1.4955,-98.8792,96.8458,79.1327,-79.1142,0.5697,0,0,0,0,-50,0,0
394,1786708687.0183,1786708687.023,0.03338,1.3187,-99.1209,96.7912,78.8571,-79.0769,1.4550,1.4010,-99.0812,96.7415,79.1670,-78.5867,0.6243,1.4010,-99.0812,96.7415,79.1670,-78.5867,0.6243,0,0,0,0,0,0,0
395,1786708687.0517,1786708687.0563,0.03336,1.3187,-99.1209,96.7912,78.8571,-79.0769,1.4550,1.0182,-98.8246,96.4241,79.0882,-79.0474,0.6050,1.0182,-98.8246,96.4241,79.0882,-79.0474,0.6050,0,0,0,0,0,0,0
396,1786708687.0851,1786708687.0898,0.0334,1.3187,-99.1209,96.7912,78.8571,-79.0769,1.4550,1.1435,-99.2405,96.7900,78.9339,-79.4895,0.5716,1.1435,-99.2405,96.7900,78.9339,-79.4895,0.5716,0,0,0,0,0,0,0
397,1786708687.1185,1786708687.123,0.03341,1.3187,-99.1209,96.7912,78.8571,-79.0769,1.4550,1.1484,-98.9722,96.4328,79.1527,-78.9578,0.5491,1.1484,-98.9722,96.4328,79.1527,-78.9578,0.5491,0,0,0,0,0,0,0
398,1786708687.1519,1786708687.156,0.03337,1.3187,-99.1209,96.7912,78.8571,-79.0769,1.4550,0.9245,-98.8712,96.6820,78.8251,-79.1852,0.5137,0.9245,-98.8712,96.6820,78.8251,-79.1852,0.5137,0,0,0,0,0,0,0
399,1786708687.1853,1786708687.1899,0.03344,1.3187,-99.1209,96.7033,78.8571,-79.0769,1.4550,1.6080,-98.9115,96.9069,78.4808,-79.3778,0.5699,1.6080,-98.9115,96.9069,78.4808,-79.3778,0.5699,0,0,-50,0,0,0,0
400,1786708687.2187,1786708687.3306,0.03339,1.3187,-99.1209,96.7033,78.8571,-79.0769,1.4550,1.5304,-98.6572,97.4256,78.0974,-79.3352,0.6085,1.5304,-98.6572,97.4256,78.0974,-79.3352,0.6085,0,0,0,0,0,0,1
401,1786708687.3318,1786708687.3368,0.11309,1.3187,-99.1209,96.7033,78.8571,-79.0769,1.4550,1.6717,-98.6949,97.0468,78.2925,-79.0530,0.6554,1.6717,-98.6949,97.0468,78.2925,-79.0530,0.6554,0,0,0,0,0,0,1
402,1786708687.3651,1786708687.3698,0.03331,1.3187,-99.1209,96.7033,78.8571,-79.0769,1.4550,1.5750,-98.5320,97.6117,78.3704,-78.9423,0.5845,1.5750,-98.5320,97.6117,78.3704,-78.9423,0.5845,0,0,0,0,0,0,0
403,1786708687.3984,1786708687.403,0.03334,1.3187,-99.1209,96.7033,78.8571,-79.0769,1.4550,1.6796,-98.7846,97.3674,78.2222,-78.9267,0.6219,1.6796,-98.7846,97.3674,78.2222,-78.9267,0.6219,0,0,0,0,0,0,0
404,1786708687.4318,1786708687.4366,0.03338,1.3187,-99.1209,96.7033,78.8571,-79.0769,1.4550,1.4873,-98.3383,97.8401,77.7934,-79.1014,0.6529,1.4873,-98.3383,97.8401,77.7934,-79.1014,0.6529,0,0,0,0,0,0,0
405,1786708687.4652,1786708687.4698,0.03337,1.3187,-99.1209,96.7912,78.7692,-79.0769,1.4550,1.3570,-99.0900,97.5017,78.4931,-79.3960,0.6506,1.3570,-99.0900,97.5017,78.4931,-79.3960,0.6506,0,0,0,-50,0,0,0
406,1786708687.4986,1786708687.5032,0.03345,1.3187,-99.1209,96.7912,78.5934,-79.0769,1.4550,1.2725,-98.5126,97.5960,78.2111,-78.7789,0.5514,1.2725,-98.5126,97.5960,78.2111,-78.7789,0.5514,0,0,0,-100,0,0,0
407,1786708687.532,1786708687.5366,0.03332,1.3187,-99.1209,96.7912,78.5934,-79.0769,1.4550,1.6334,-98.3472,97.7525,78.3203,-79.2401,0.6649,1.6334,-98.3472,97.7525,78.3203,-79.2401,0.6649,0,0,0,0,0,0,0
408,1786708687.5654,1786708687.5699,0.0334,1.3187,-99.1209,96.7912,78.5934,-79.0769,1.4550,1.5165,-98.4446,97.3634,77.9164,-79.0748,0.6588,1.5165,-98.4446,97.3634,77.9164,-79.0748,0.6588,0,0,0,0,0,0,0
409,1786708687.5988,1786708687.6033,0.03342,1.3187,-99.1209,96.7912,78.5934,-79.0769,1.4550,1.7092,-99.3042,97.7029,78.2998,-79.4020,0.6327,1.7092,-99.3042,97.7029,78.2998,-79.4020,0.6327,0,0,0,0,0,0,0
410,1786708687.6321,1786708687.6369,0.03336,1.3187,-99.1209,96.7912,78.5934,-79.0769,1.4550,1.1770,-99.5632,97.8278,78.0865,-79.5694,0.6787,1.1770,-99.5632,97.8278,78.0865,-79.5694,0.6787,0,0,0,0,0,0,0
411,1786708687.6655,1786708687.6701,0.03338,1.3187,-99.1209,96.7912,78.5934,-79.0769,1.4550,1.5692,-98.7096,97.2235,78.2435,-79.5248,0.7207,1.5692,-98.7096,97.2235,78.2435,-79.5248,0.7207,0,0,0,0,0,0,0
412,1786708687.6989,1786708687.7031,0.0334,1.3187,-99.1209,96.7912,78.5934,-79.0769,1.4550,0.9057,-98.7317,97.4507,77.3960,-79.2757,0.7382,0.9057,-98.7317,97.4507,77.3960,-79.2757,0.7382,0,0,0,0,0,0,0
413,1786708687.7323,1786708687.7364,0.03337,1.3187,-99.1209,96.7912,78.5934,-79.0769,1.4550,1.4028,-98.4691,97.1378,78.0427,-79.1553,0.5963,1.4028,-98.4691,97.1378,78.0427,-79.1553,0.5963,0,0,0,0,0,0,0
414,1786708687.7657,1786708687.7699,0.03337,1.3187,-99.1209,96.7912,78.4176,-79.0769,1.4550,1.4491,-98.5598,97.9302,78.0956,-79.2538,0.5594,1.4491,-98.5598,97.9302,78.0956,-79.2538,0.5594,0,0,0,0,0,0,0
415,1786708687.7991,1786708687.8033,0.03338,1.3187,-99.0330,96.7912,78.3297,-79.0769,1.4550,1.6273,-98.6396,97.1497,78.3332,-79.5731,0.5729,1.6273,-98.6396,97.1497,78.3332,-79.5731,0.5729,0,0,0,-50,0,0,0
416,1786708687.8325,1786708687.8366,0.0334,1.3187,-99.0330,96.8791,78.3297,-79.0769,1.4550,1.9567,-98.5080,97.0527,78.8015,-79.3313,0.5326,1.9567,-98.5080,97.0527,78.8015,-79.3313,0.5326,0,0,0,0,0,0,0
417,1786708687.8659,1786708687.8702,0.03342,1.3187,-99.0330,96.7912,78.3297,-79.0769,1.4550,1.9689,-98.3244,97.0043,78.3414,-79.0747,0.6068,1.9689,-98.3244,97.0043,78.3414,-79.0747,0.6068,0,0,0,0,0,0,0
418,1786708687.8992,1786708687.9034,0.03336,1.3187,-99.0330,96.7912,78.3297,-79.0769,1.4550,1.9908,-98.6181,97.2745,78.3581,-79.1798,0.5510,1.9908,-98.6181,97.2745,78.3581,-79.1798,0.5510,0,0,0,0,0,0,0
419,1786708687.9326,1786708687.9369,0.0334,1.3187,-99.0330,96.7912,78.3297,-79.0769,1.4550,1.7975,-98.4667,97.3156,78.4618,-79.2173,0.5137,1.7975,-98.4667,97.3156,78.4618,-79.2173,0.5137,0,0,0,0,0,0,0
420,1786708687.9661,1786708687.9707,0.03345,1.4066,-99.0330,96.7912,78.3297,-79.0769,1.4550,1.6394,-98.3568,97.0966,78.3505,-78.9785,0.5975,1.6394,-98.3568,97.0966,78.3505,-78.9785,0.5975,50,0,0,0,0,0,0
421,1786708687.9995,1786708688.0041,0.03336,1.4066,-98.9451,96.7912,78.3297,-79.0769,1.4550,1.5509,-98.6029,97.3429,78.1914,-79.0243,0.5277,1.5509,-98.6029,97.3429,78.1914,-79.0243,0.5277,0,0,0,0,0,0,0
422,1786708688.0328,1786708688.0374,0.03335,1.4066,-98.9451,96.7912,78.3297,-79.0769,1.4550,1.3672,-99.3388,97.3563,78.3175,-79.1551,0.5318,1.3672,-99.3388,97.3563,78.3175,-79.1551,0.5318,0,0,0,0,0,0,0
423,1786708688.0662,1786708688.071,0.03344,1.4066,-98.9451,96.7912,78.3297,-79.0769,1.4550,1.7022,-99.0198,97.3583,78.3539,-79.1667,0.4865,1.7022,-99.0198,97.3583,78.3539,-79.1667,0.4865,0,0,0,0,0,0,0
424,1786708688.0997,1786708688.1043,0.03342,1.4066,-98.9451,96.7912,78.3297,-79.0769,1.4550,1.6499,-98.7013,97.5823,78.3913,-78.9583,0.4665,1.6499,-98.7013,97.5823,78.3913,-78.9583,0.4665,0,0,0,0,0,0,0
425,1786708688.133,1786708688.1375,0.03332,1.4066,-98.9451,96.7912,78.3297,-79.0769,1.4550,1.5115,-98.7774,97.5696,78.5606,-79.1431,0.5044,1.5115,-98.7774,97.5696,78.5606,-79.1431,0.5044,0,0,0,0,0,0,0
426,1786708688.1664,1786708688.171,0.03341,1.4066,-98.9451,96.7912,78.3297,-79.0769,1.4550,1.7114,-98.7499,97.5629,78.2686,-78.7559,0.4308,1.7114,-98.7499,97.5629,78.2686,-78.7559,0.4308,0,0,0,0,0,0,0
427,1786708688.1998,1786708688.2044,0.03339,1.4066,-98.9451,96.7912,78.3297,-79.0769,1.4550,1.8418,-98.5904,97.3256,78.3031,-79.1839,0.4964,1.8418,-98.5904,97.3256,78.3031,-79.1839,0.4964,0,0,0,0,0,0,0
428,1786708688.2331,1786708688.2378,0.03336,1.4945,-98.9451,96.7912,78.3297,-79.0769,1.4550,1.7090,-98.9099,97.6555,78.7865,-79.3759,0.6014,1.7090,-98.9099,97.6555,78.7865,-79.3759,0.6014,50,0,0,0,0,0,0
429,1786708688.2666,1786708688.2713,0.03343,1.4945,-98.9451,96.7912,78.3297,-79.0769,1.4550,1.9559,-98.7321,97.6542,78.6218,-78.8580,0.4955,1.9559,-98.7321,97.6542,78.6218,-78.8580,0.4955,0,0,0,0,0,0,0
430,1786708688.2999,1786708688.3045,0.03337,1.4945,-98.9451,96.7912,78.3297,-79.0769,1.4550,1.7611,-97.7815,97.3161,77.7952,-79.0194,0.5534,1.7611,-97.7815,97.3161,77.7952,-79.0194,0.5534,0,0,0,0,0,0,0
431,1786708688.3333,1786708688.3379,0.03337,1.4945,-98.9451,96.7912,78.3297,-79.0769,1.4550,1.7382,-98.3566,97.3847,78.3115,-79.1648,0.5176,1.7382,-98.3566,97.3847,78.3115,-79.1648,0.5176,0,0,0,0,0,0,0
432,1786708688.3667,1786708688.3712,0.0334,1.4945,-98.8571,96.7912,78.2418,-79.0769,1.4550,2.1369,-97.7409,96.8740,78.6288,-79.1608,0.6408,2.1369,-97.7409,96.8740,78.6288,-79.1608,0.6408,0,50,0,-50,0,0,0
433,1786708688.4001,1786708688.4046,0.03338,1.4945,-98.7692,96.7912,78.2418,-79.0769,1.4550,1.7471,-98.6888,97.4516,78.4166,-79.3466,0.5104,1.7471,-98.6888,97.4516,78.4166,-79.3466,0.5104,0,0,0,0,0,0,0
434,1786708688.4335,1786708688.438,0.0334,1.4945,-98.5934,96.7912,78.3297,-79.0769,1.4550,2.0541,-98.0258,97.4603,78.4614,-79.1367,0.5630,2.0541,-98.0258,97.4603,78.4614,-79.1367,0.5630,0,50,0,0,0,0,0
435,1786708688.4669,1786708688.4715,0.03341,1.4945,-98.5934,96.7912,78.3297,-79.0769,1.4550,1.8215,-98.1885,97.5159,77.8163,-78.8666,0.5863,1.8215,-98.1885,97.5159,77.8163,-78.8666,0.5863,0,0,0,0,0,0,0
436,1786708688.5003,1786708688.5047,0.03339,1.4945,-98.5055,96.7912,78.3297,-79.0769,1.4550,1.7929,-98.8131,97.9914,78.6934,-78.6632,0.4666,1.7929,-98.8131,97.9914,78.6934,-78.6632,0.4666,0,50,0,0,0,0,0
437,1786708688.5337,1786708688.5383,0.0334,1.4945,-98.5055,96.7912,78.3297,-79.0769,1.4550,1.8257,-98.6022,97.7765,78.1266,-79.3541,0.5404,1.8257,-98.6022,97.7765,78.1266,-79.3541,0.5404,0,0,0,0,0,0,0
438,1786708688.5671,1786708688.5716,0.03337,1.4945,-98.5055,96.8791,78.3297,-79.0769,1.4550,1.4702,-97.8181,97.0843,78.3481,-79.4224,0.6106,1.4702,-97.8181,97.0843,78.3481,-79.4224,0.6106,0,0,0,0,0,0,0
439,1786708688.6004,1786708688.605,0.03337,1.4945,-98.5055,96.8791,78.3297,-79.0769,1.4550,1.4144,-97.7713,97.3953,78.5695,-79.3687,0.5452,1.4144,-97.7713,97.3953,78.5695,-79.3687,0.5452,0,0,0,0,0,0,0
440,1786708688.6338,1786708688.6383,0.03339,1.4945,-98.5055,96.8791,78.3297,-79.2527,1.4550,1.7545,-97.7688,97.5097,77.8339,-79.0397,0.3999,1.7545,-97.7688,97.5097,77.8339,-79.0397,0.3999,0,0,0,0,0,0,0
441,1786708688.6672,1786708688.6717,0.03338,1.4945,-98.4176,96.8791,78.3297,-79.2527,1.4550,1.4156,-98.5309,97.2805,78.1802,-79.3604,0.4790,1.4156,-98.5309,97.2805,78.1802,-79.3604,0.4790,0,50,0,0,-50,0,0
442,1786708688.7006,1786708688.7054,0.03344,1.4945,-98.4176,96.8791,78.3297,-79.2527,1.4550,1.1638,-98.1976,97.7856,77.9061,-79.3154,0.3957,1.1638,-98.1976,97.7856,77.9061,-79.3154,0.3957,0,0,0,0,0,0,0
443,1786708688.734,1786708688.7386,0.0334,1.4945,-98.4176,96.8791,78.3297,-79.2527,1.4550,1.4420,-98.1564,97.5630,78.6829,-79.8284,0.4971,1.4420,-98.1564,97.5630,78.6829,-79.8284,0.4971,0,0,0,0,0,0,0
444,1786708688.7674,1786708688.772,0.03339,1.4945,-98.4176,96.8791,78.3297,-79.2527,1.4550,1.3866,-97.9246,96.9648,78.5118,-79.6913,0.5162,1.3866,-97.9246,96.9648,78.5118,-79.6913,0.5162,0,0,0,0,0,0,0
445,1786708688.8008,1786708688.8027,0.03339,1.4945,-98.5055,96.8791,78.3297,-79.2527,1.4550,1.4916,-98.4908,96.8785,78.3045,-79.2891,1.4674,1.4916,-98.4908,96.8785,78.3045,-79.2891,1.4674,0,-50,0,0,0,0,0
